sample_id,Bradyrhizobium,Bacillus,Pseudomonas,Streptomyces,Sphingomonas,Rhizobium,Mycobacterium,Arthrobacter,Burkholderia,Acidobacterium,Nitrospira,Nitrosomonas,Candidatus_Udaeobacter,Rubrobacter,Geobacter,Trichoderma,Glomus,Rhizophagus,Azotobacter,Methylobacterium,Flavobacterium,Nocardia,Micromonospora,Actinoplanes,Frankia,Rhodococcus,Lysinibacillus,Paenibacillus,Clostridium,Desulfovibrio,Thiobacillus,Nitrobacter,Xanthomonas,Ralstonia,Agrobacterium,Mesorhizobium,Sinorhizobium,Azoarcus,Herbaspirillum,Gluconacetobacter,Genus_1,Genus_2,Genus_3,Genus_4,Genus_5,Genus_6,Genus_7,Genus_8,Genus_9,Genus_10,Genus_11,Genus_12,Genus_13,Genus_14,Genus_15,Genus_16,Genus_17,Genus_18,Genus_19,Genus_20,Genus_21,Genus_22,Genus_23,Genus_24,Genus_25,Genus_26,Genus_27,Genus_28,Genus_29,Genus_30,Genus_31,Genus_32,Genus_33,Genus_34,Genus_35,Genus_36,Genus_37,Genus_38,Genus_39,Genus_40,Genus_41,Genus_42,Genus_43,Genus_44,Genus_45,Genus_46,Genus_47,Genus_48,Genus_49,Genus_50,Genus_51,Genus_52,Genus_53,Genus_54,Genus_55,Genus_56,Genus_57,Genus_58,Genus_59,Genus_60,Genus_61,Genus_62,Genus_63,Genus_64,Genus_65,Genus_66,Genus_67,Genus_68,Genus_69,Genus_70,Genus_71,Genus_72,Genus_73,Genus_74,Genus_75,Genus_76,Genus_77,Genus_78,Genus_79,Genus_80,Genus_81,Genus_82,Genus_83,Genus_84,Genus_85,Genus_86,Genus_87,Genus_88,Genus_89,Genus_90,Genus_91,Genus_92,Genus_93,Genus_94,Genus_95,Genus_96,Genus_97,Genus_98,Genus_99,Genus_100,Genus_101,Genus_102,Genus_103,Genus_104,Genus_105,Genus_106,Genus_107,Genus_108,Genus_109,Genus_110
GAIA_0000,19,5,26,0,4,0,173,34,0,0,0,2,0,0,0,0,0,13,1,0,0,4,8,0,0,0,0,15,2,4,0,300,7,0,38,0,0,0,0,10,32,10,5,4,0,0,2,0,0,0,14,0,1,25,58,0,1,0,0,51,0,5,0,0,37,0,0,54,0,2,0,160,6,168,0,38,8,0,8,0,4,15,141,2,1,2,46,0,2,20,8,51,1,0,0,0,0,12,7,0,0,0,0,1,0,0,321,0,12,6,0,7,8,0,0,13,6,0,0,0,35,1,122,0,23,590,1,0,9,2,0,8,0,0,1,0,1,3,37,0,11,100,0,0,0,35,0,0,20,0
GAIA_0001,0,14,1,0,13,1,308,19,0,27,0,0,0,0,50,0,38,328,4,1,1,0,6,0,12,0,7,0,0,1703,25,0,0,0,4,30,0,6,0,0,3,40,11,0,10,15,1,0,8,0,15,0,64,60,0,1,0,0,20,0,23,71,0,27,3,33,1,0,2,8,756,0,0,0,0,65,0,0,0,0,1,11,0,0,0,0,0,10,1,40,1,5,20,41,0,0,2,2,252,0,0,46,0,58,0,0,93,0,17,34,1,6,0,0,0,0,0,0,3,9,131,0,0,7,0,0,11,2,0,0,9,27,0,0,0,0,0,23,12,2,4,2,2,0,0,1,44,13,37,26
GAIA_0002,1,2,0,0,7,0,0,0,22,4,0,66,0,37,100,7,28,0,14,0,0,24,1,485,0,0,74,0,25,25,0,1,0,1,51,0,0,3,16,2,1,0,0,2,2,0,0,0,1,0,0,0,0,0,7,0,0,4,14,0,20,0,0,16,0,3,0,7,8,0,7,20,134,50,0,1,0,0,0,1,1,0,0,0,0,0,0,0,49,2,1,19,0,287,0,2,0,110,5,87,0,2,7,0,3,25,0,5,9,0,30,0,0,95,0,0,0,0,78,8,455,0,0,51,26,114,1,29,61,0,0,0,4,0,0,0,0,0,0,6,0,0,0,0,0,28,15,1,2,0
GAIA_0003,6,49,0,0,2,1,0,0,2,0,375,7,1,11,0,4,25,33,0,0,4,0,0,0,198,4,23,13,0,69,5,1,0,0,1,0,2,0,0,43,7,142,8,0,155,21,0,5,1,0,0,0,0,0,0,2,2,0,0,0,12,0,4,1,0,0,20,0,9,33,0,0,1,0,0,0,0,8,0,1,0,0,0,0,2,0,0,3,55,2,39,0,0,0,0,0,23,0,15,0,0,5,0,0,14,3,2,3,16,0,0,469,0,0,0,0,0,0,0,3,7,211,14,4,38,0,0,34,0,0,0,0,0,0,0,0,0,1,38,1,8,2,19,0,58,2,0,1,3,0
GAIA_0004,33,0,0,0,16,315,1,0,0,0,27,6,12,0,983,0,0,31,19,0,1,18,0,108,0,2,1,0,8,0,0,157,0,0,0,0,38,8,0,0,0,208,0,0,4,4,0,6,4,29,298,0,4,0,1269,8,0,7,0,5,2,0,6,2,1,9,0,0,0,0,89,0,3,3,0,1,0,0,0,93,31,0,2,19,0,0,0,3,0,17,3,0,0,25,0,0,14,0,46,5,2,0,0,0,0,0,0,247,0,0,11,6,2,16,0,0,9,9,0,0,13,0,0,32,10,5,7,14,0,1,10,1,16,0,0,19,0,0,206,56,0,0,2,7,20,0,10,1,2,0
GAIA_0005,1,0,1,0,0,0,19,10,1,29,2,9,0,6,73,0,0,255,2,277,30,2,0,51,0,0,0,4,6,25,0,0,0,0,22,64,39,18,0,0,17,11,12,0,0,60,6,28,0,7,0,2,8,2,3,3,0,2,91,1,0,3,133,0,58,0,12,43,8,62,0,123,0,3,0,135,174,2,3,0,0,1,0,1,6,0,0,0,0,0,6,0,0,0,10,19,13,1002,2,0,0,0,0,0,126,0,1,18,2,0,11,0,163,268,2,0,0,0,27,0,0,1,0,1,6,0,0,11,7,79,0,0,0,59,0,0,23,3,0,67,38,20,62,76,117,27,5,9,82,1
GAIA_0006,0,0,7,95,10,8,0,32,26,0,0,0,0,0,6,12,24,10,3,0,0,0,9,1,0,0,2,15,169,0,0,318,0,0,0,2,0,0,0,2,0,0,0,6,296,0,0,1,0,12,4,14,0,132,0,0,14,18,23,0,0,105,0,0,6,131,1,0,0,0,9,1,39,2,0,0,0,0,0,0,35,0,0,6,7,0,149,0,4,7,0,0,0,0,0,0,0,0,0,23,121,46,8,2,0,0,0,26,60,2,103,10,0,1,237,10,0,2,3,0,21,0,0,536,0,17,7,9,25,0,4,0,16,26,2,172,0,0,11,0,214,2,63,0,5,43,0,0,141,116
GAIA_0007,0,16,0,12,0,1,0,77,21,3,0,0,73,0,0,0,0,0,2,14,0,19,0,0,0,0,0,0,148,40,3,3,3,0,15,17,0,11,4,0,6,0,0,8,31,0,8,0,46,0,54,0,481,5,67,0,25,0,0,0,5,0,0,0,0,15,904,0,0,60,67,79,0,0,193,0,0,0,6,0,0,17,186,18,4,50,79,0,24,30,0,115,0,9,0,7,0,0,0,1,1,0,0,0,197,0,0,668,0,3,0,0,0,0,57,972,117,22,24,0,0,12,9,0,1,4,0,0,0,0,10,0,46,0,1,0,1,0,0,0,0,0,2,14,0,17,7,0,0,113
GAIA_0008,0,3,9,0,8,0,0,0,0,0,0,0,0,0,4,89,1,0,0,539,0,0,0,16,5,0,8,5,0,0,2,0,0,1286,1,196,0,0,23,191,0,4,2,0,0,0,7,0,0,0,14,0,0,15,86,0,209,0,1,0,0,0,21,0,10,0,0,1,1,0,65,24,0,0,83,9,764,0,10,0,9,5,30,0,1,0,0,20,0,0,16,0,7,39,0,6,46,4,12,0,0,0,0,1,0,1,0,7,0,19,0,0,119,22,7,0,0,4,2,0,8,21,6,19,0,0,1,5,0,0,0,84,0,145,9,0,0,4,0,0,10,7,17,79,49,0,0,47,0,0
GAIA_0009,0,0,0,33,0,0,0,16,0,10,7,23,9,0,80,0,0,1,3,1,0,0,0,0,140,4,1,59,0,284,28,2,0,2,0,13,99,0,0,1,18,1,414,9,0,10,0,0,0,0,0,21,0,31,54,0,0,148,0,0,0,0,0,0,2,0,8,0,0,20,0,0,3,0,0,0,0,0,4,4,13,37,41,2,5,13,0,183,19,0,27,77,0,0,16,2,0,0,0,0,13,222,11,0,0,0,33,15,97,28,0,0,0,1,2,23,0,16,0,0,80,2,5,7,0,0,0,17,0,3,31,3,233,0,11,47,0,0,0,92,0,1232,0,10,161,408,456,82,57,24
GAIA_0010,0,0,0,0,5,2,29,0,0,141,0,5,1,0,6,5,152,0,0,301,0,0,4,1,3,0,320,0,2,0,9,0,0,0,2,0,0,2,0,0,0,255,204,2,0,18,1,13,0,0,6,4,1,0,4,0,0,1,0,0,7,0,0,43,32,4,8,0,0,2,0,0,0,0,0,0,0,75,1,1,11,73,0,0,17,29,10,3,1,8,0,0,0,0,0,0,0,452,7,1,5,115,2,1,2,0,9,190,0,4,4,0,43,0,0,4386,13,0,3,0,0,0,0,0,313,0,0,95,0,40,19,0,2,0,0,0,1,17,457,0,7,0,6,18,0,0,5,0,79,0
GAIA_0011,23,0,10,0,14,4,0,103,0,72,102,0,0,0,0,0,0,2,39,22,0,3,0,0,186,3,84,154,0,0,16,7,0,14,0,79,0,11,0,0,23,2,42,0,9,0,0,0,0,0,0,19,26,0,16,4,28,0,5,0,67,5,0,40,0,0,0,10,30,0,0,0,32,25,1,64,2,0,0,291,4,3,0,0,36,0,0,0,49,226,0,0,8,75,1,11,0,0,10,54,0,0,0,0,0,115,5,0,185,102,0,32,0,0,0,0,567,0,0,0,8,219,0,0,1,0,2,0,3,1,0,6,0,0,0,0,3,0,13,107,0,9,5,28,11,0,0,0,63,0
GAIA_0012,0,6,1,0,0,0,12,20,0,44,0,0,185,0,0,1,0,1,0,0,5,0,4,2,10,0,0,0,6,0,0,11,49,13,2,0,0,9,0,0,5,0,2,8,10,0,0,1,0,17,2,257,0,0,54,0,119,0,13,12,0,37,0,0,0,0,0,70,0,3,0,4,0,35,0,0,2,0,0,0,0,0,0,0,7,12,1,17,2,7,0,7,3,5,0,3,4,180,22,4,29,0,77,0,5,0,0,0,0,9,0,640,26,20,0,0,0,0,5,0,0,0,0,11,467,0,0,4,66,0,0,19,2,5,1463,0,0,0,0,8,13,3,12,3,0,0,15,6,70,0
GAIA_0013,0,92,0,1,0,115,0,0,61,0,0,13,20,0,0,8,0,0,0,71,24,0,27,0,7,0,0,49,0,0,1,0,0,41,49,20,31,20,2,0,36,33,0,0,0,0,0,0,0,1,1,0,1,3,0,11,0,1,27,0,0,1,0,1,38,5,0,0,0,0,8,0,112,0,0,10,270,88,11,2,37,1,19,20,61,0,0,2,0,0,1,0,2,0,1,0,7,7,3,0,38,0,0,4,0,1,2,42,12,0,40,5,16,6,12,2,0,5,127,47,0,87,0,10,2,3,25,82,0,0,7,24,0,0,0,0,0,5,0,0,14,13,25,0,59,6,28,0,0,0
GAIA_0014,15,1,0,0,0,197,0,26,3,24,0,5,8,0,32,2,4,0,0,5,920,35,0,0,7,22,0,68,0,31,0,7,28,24,3,0,0,163,0,0,10,8,0,0,0,145,0,0,6,0,0,204,7,11,0,0,3,3,95,0,0,0,0,72,0,0,1,0,0,18,0,0,0,10,0,482,0,10,422,7,0,3,5,0,0,158,0,4,0,0,0,0,423,0,10,1,17,0,0,19,272,5,31,0,1,0,143,15,3,0,0,24,0,2,2,12,3,0,492,0,3,0,0,0,0,103,126,2,0,55,1,35,0,0,0,31,7,1,0,29,9,23,384,0,0,9,1,0,0,46
GAIA_0015,0,151,0,7,0,0,43,0,0,11,0,0,0,0,0,80,0,14,2,0,14,0,0,7,0,0,28,0,28,18,0,1,80,1,2,18,0,0,0,127,0,0,0,1,1,21,0,121,27,0,60,1,3,12,399,0,0,5,21,43,3,267,0,0,27,17,39,2,2,0,0,35,0,210,7,28,0,3,29,0,4,0,0,3,43,23,0,0,7,1,0,0,19,0,0,66,2,1,29,3,61,0,0,0,0,12,3,9,0,16,0,0,0,68,0,0,0,0,0,87,5,0,10,20,0,133,0,0,3,0,1,0,0,0,0,1,4,1,0,58,0,1,0,0,6,0,1,0,11,8
GAIA_0016,1,0,2,0,209,107,0,38,37,0,37,160,0,0,56,12,0,0,0,0,60,76,0,6,0,0,23,6,0,0,22,0,7,5,11,3,0,38,3,0,244,117,0,29,0,0,13,0,1,0,0,0,6,0,28,144,2,11,20,18,8,32,19,0,42,0,1,7,28,4,63,835,0,0,13,31,4,135,0,29,2,0,0,1,0,0,3,6,7,0,7,1,2,132,0,37,4,4,0,14,23,0,3,2,0,1,2692,89,0,0,19,22,0,4,5,0,0,0,4,0,0,0,15,0,0,0,17,0,0,0,0,0,22,1,0,4,52,0,0,8,1,0,0,3,947,17,0,0,0,481
GAIA_0017,0,0,311,16,0,21,0,7,14,0,0,8,0,12,0,0,1,0,41,4,0,0,4,6,1396,0,0,0,12,0,15,16,0,0,0,2,0,0,0,0,0,2,6,0,40,0,0,0,81,2,0,0,0,0,2,0,2,0,44,94,27,0,0,0,24,0,0,8,0,135,30,35,8,0,0,0,0,0,3,0,0,18,0,0,0,62,10,48,0,16,0,4,1,2,0,0,0,0,0,44,1,154,20,0,0,0,0,43,0,22,0,1,24,1,18,0,40,0,22,25,1,0,12,0,0,0,0,0,8,4,0,4,0,0,14,13,0,0,0,25,0,4,6,5,14,129,64,0,0,105
GAIA_0018,0,65,0,0,0,59,0,0,0,0,1,0,0,0,15,0,25,0,2,9,368,2,0,0,374,0,55,108,0,0,0,0,0,0,0,0,0,14,165,0,0,18,0,22,0,0,11,0,16,0,247,171,2,5,6,2,0,1,0,25,26,0,44,0,12,0,6,18,2,4,4,0,5,0,2,4,4,0,6,0,0,2,0,0,2,0,1,0,0,10,24,0,0,0,0,0,23,0,3,0,10,1613,0,0,0,0,0,1,0,2,5,2,0,3,288,37,19,0,0,0,4,0,0,0,6,0,0,6,49,3,0,1,168,0,4,0,0,0,624,5,13,0,0,0,11,0,0,1,2,0
GAIA_0019,2,39,0,0,0,0,0,4,78,10,0,0,0,28,16,0,1,1,0,86,2,0,0,2,0,0,0,0,13,5,0,0,0,18,0,0,2,118,3,15,9,0,0,11,0,0,0,0,4,0,0,3,2,14,0,0,0,0,3,0,2,15,0,33,29,0,0,28,8,0,1,0,0,0,8,12,5,11,173,0,42,2,0,0,42,0,0,4,0,0,54,2,26,5,14,0,8,0,0,0,0,0,0,154,1,0,47,0,71,0,1,0,2,0,85,4,14,0,0,0,0,6,0,0,0,0,0,1,21,11,0,94,31,13,0,1,5,0,0,919,0,0,8,4,0,8,12,0,14,5
GAIA_0020,0,1,3,322,22,0,0,0,64,0,6,0,0,0,2,0,0,0,2,22,81,0,3,0,0,3,10,18,0,7,0,1,18,1,8,18,3,10,0,4,25,10,2,0,30,0,0,3,17,0,0,1,0,1,237,0,0,0,0,3,0,3,6,0,0,14,247,0,0,0,0,222,0,0,1,0,0,22,11,0,81,9,0,0,0,13,6,84,0,9,0,33,6,17,0,0,0,0,5,0,0,40,0,0,1,15,0,23,0,0,0,4,4,0,16,0,0,1,0,202,0,2,19,0,5,32,0,0,8,3,0,0,0,146,0,17,0,0,19,4,40,0,6,2,17,18,1,1,5,0
GAIA_0021,0,0,0,0,0,0,0,0,105,0,2,18,0,0,0,0,0,10,6,3,1,24,0,0,0,1,0,2,0,20,52,20,0,0,1,105,0,44,44,0,3,0,708,2,0,0,30,0,3,17,10,0,11,0,1,0,0,0,0,0,0,0,207,0,0,260,0,2,1,31,0,33,0,0,0,1,1,89,0,6,0,0,0,337,0,10,55,0,0,48,7,2291,0,61,0,34,17,1,11,0,24,13,26,61,0,0,0,1,0,130,0,0,0,77,0,0,1,3,11,26,4,1,43,0,0,0,76,9,8,22,1,7,0,42,0,149,3,4,2,0,0,0,95,14,0,0,0,0,0,71
GAIA_0022,14,1,0,0,0,0,21,15,250,7,0,18,479,0,3,16,6,1,69,0,10,1,0,0,67,19,7,0,0,0,45,0,177,23,0,0,0,5,20,268,30,4,0,86,0,191,0,177,0,0,0,3,0,8,0,0,0,0,18,0,0,0,0,0,1,0,0,10,0,9,6,0,0,0,0,0,4,1,0,0,561,0,0,57,0,2,0,8,41,0,0,0,6,6,0,0,20,145,0,3,19,23,0,0,17,0,0,9,0,0,0,0,396,0,0,5,0,11,0,0,0,6,17,17,0,62,0,117,0,0,0,109,20,0,0,0,0,0,0,13,9,2,0,177,29,0,5,1,0,0
GAIA_0023,2,0,5,0,0,448,65,3,0,0,219,328,0,57,10,0,3,0,2,4,6,0,0,0,0,0,0,0,74,118,0,0,0,6,0,2,157,27,0,0,3,0,19,0,0,354,37,6,5,0,0,2,8,0,2,0,0,6,20,0,84,1,226,0,0,0,1,17,0,0,20,0,0,192,0,0,0,462,0,0,0,303,0,0,488,0,0,1,6,0,14,0,0,0,115,0,0,138,0,6,2,0,0,1122,0,6,26,9,5,0,11,1,0,80,0,8,0,63,11,0,0,0,0,10,0,13,0,0,1,0,517,0,0,0,8,0,1,1,88,3,62,24,740,0,0,73,1,55,14,0
GAIA_0024,1,1,0,0,35,0,0,0,0,3,7,9,5,0,0,0,0,0,0,0,0,0,0,8,0,1,1,0,0,2,24,2,0,32,17,12,3,0,0,0,2,0,1,6,0,0,12,11,35,3,0,22,17,1,9,0,0,0,0,617,0,1,15,13,80,0,0,0,5,14,0,0,0,38,0,0,0,5,80,0,0,3,0,0,24,1,1064,12,0,5,0,0,0,61,42,0,0,14,47,4,0,134,1,1,0,13,0,110,0,7,0,0,12,0,55,0,0,746,5,0,54,0,0,0,0,0,19,0,0,0,0,1,0,9,36,0,0,0,3,0,0,0,0,0,1,0,0,0,128,0
GAIA_0025,2,14,0,0,1,0,9,438,12,0,14,0,1,0,11,7,1,100,27,0,54,0,0,1,0,0,0,0,0,6,5,0,0,0,0,2,13,1,10,100,0,0,0,4,7,3,0,11,1,0,0,0,0,10,0,20,0,0,27,37,0,17,1,0,0,0,3,5,3,0,3,0,6,10,1,76,0,19,78,19,0,2,58,0,1,0,87,15,1,3,2,1,52,0,0,38,65,0,0,0,0,19,0,0,3,0,0,0,1,0,0,1,7,4,0,1,0,201,0,54,0,10,0,0,0,80,49,12,0,4,0,10,0,1,6,21,0,0,9,40,0,23,1,0,3,54,119,30,0,15
GAIA_0026,2,0,208,0,0,3,0,0,23,0,0,0,0,0,0,6,0,22,0,6,0,0,3,0,4,3,0,18,0,0,0,156,43,33,8,16,0,0,3,1,0,86,2,0,0,45,21,17,4,0,0,1,0,23,0,2,6,4,68,10,1,0,0,0,0,15,0,0,0,97,0,0,14,8,0,10,20,0,0,0,0,196,0,0,12,0,0,2,346,1,0,2,0,33,0,0,0,0,197,15,0,0,7,19,0,0,0,0,2,26,0,0,0,0,6,2,2,29,0,0,0,0,0,0,1,3,1,4,0,0,0,0,0,0,1,0,0,4,7,1,11,34,0,13,47,3,0,0,0,0
GAIA_0027,0,10,18,10,0,0,0,18,50,0,33,12,0,0,1,2,0,0,0,0,23,0,0,0,3,9,3,0,3,4,0,1,212,0,101,4,41,8,72,0,0,126,5,11,87,0,0,0,5,8,0,0,0,43,6,0,4,0,4,0,73,0,166,0,0,0,0,0,0,0,2,0,0,11,0,0,1,0,1,0,4,7,62,0,0,3,0,14,0,7,0,195,15,0,0,0,16,6,2,0,6,70,8,0,53,0,0,2,2,0,7,19,0,0,0,0,0,4,0,1,0,0,2,1,5,0,0,13,0,0,12,0,1,2,2,15,810,1,3,0,16,12,96,0,0,0,0,0,0,23
GAIA_0028,12,0,1,0,9,2,19,0,1,0,4,2,0,0,0,22,302,0,0,0,0,0,0,78,0,20,310,17,12,0,0,111,0,0,0,0,0,3,135,0,0,43,2,29,7,0,0,597,19,6,63,11,0,0,0,58,1,0,6,1,54,0,33,4,6,19,13,0,0,47,5,0,0,0,0,0,2,1,6,15,486,0,0,0,1,11,2,10,151,0,20,3,0,4,82,0,0,0,1,1,0,0,1,0,0,0,2,31,0,0,0,0,19,15,3,55,0,0,0,0,7,5,84,0,0,58,2,0,221,0,28,0,33,11,19,2,0,0,0,3,48,0,0,57,0,0,0,0,0,2
GAIA_0029,0,8,4,0,16,30,0,0,24,0,13,1,0,80,2,0,2,0,1,0,0,0,0,9,0,26,0,438,13,1,0,0,1,10,2,3,1,0,0,0,0,0,14,2,39,0,1,1,64,48,0,0,1,14,0,40,5,3,0,42,0,0,0,0,0,0,12,0,3,0,114,0,90,0,0,0,0,0,9,0,0,0,0,2,0,29,0,4,0,20,0,11,0,28,0,0,1,9,19,147,2,2,73,13,0,13,0,0,0,27,79,0,0,0,2,0,0,0,0,0,0,0,98,21,40,20,2,33,0,0,0,0,0,0,6,0,0,2,43,0,16,1,0,0,40,211,0,63,0,0
GAIA_0030,1,0,0,0,4,15,29,12,27,0,0,0,2,1,5,1,0,0,14,1,0,0,0,468,78,72,0,34,0,2,10,0,0,1,0,2,11,4,4,34,0,361,0,2,15,0,6,6,16,4,119,39,0,0,0,0,0,15,2,27,0,230,1,11,36,2,0,0,134,7,2,4,37,2,1,4,0,0,2,0,11,1,0,0,5,80,56,46,2,0,2,10,22,0,7,0,0,0,17,101,4,0,194,101,0,4,3,19,0,0,0,0,132,2,0,3,73,0,0,5,2,233,0,0,15,92,0,1,0,17,0,0,0,39,1,0,21,0,0,0,37,9,4,118,0,187,0,6,0,0
GAIA_0031,0,0,0,25,30,0,0,1,0,1,0,4,2,0,0,5,0,206,0,7,27,0,0,0,38,1,29,0,0,0,0,0,0,0,0,0,0,0,0,0,0,0,49,21,0,4,20,94,9,2,0,0,28,23,23,0,0,2,49,6,2,0,16,15,8,6,877,0,0,0,55,0,0,4,0,0,11,2,178,7,0,6,0,0,13,0,0,0,0,30,20,0,7,16,182,4,0,0,1,8,0,0,4,0,2,13,0,95,1,0,0,28,28,15,1,0,0,4,0,36,7,0,26,0,0,35,0,81,0,0,12,13,0,1,1827,0,0,2,0,5,4,3,0,12,5,0,19,0,0,32
GAIA_0032,20,0,0,1,0,0,1,27,128,3,0,0,27,1,13,4,0,0,25,0,5,5,1,7,6,0,8,36,46,0,41,0,0,25,0,8,2,1,110,1,1,0,0,0,0,21,0,2,2,0,0,1209,0,9,78,802,42,49,9,0,2,1,1,0,6,0,0,6,0,0,3476,0,0,11,2,0,0,17,1,0,0,0,0,19,26,2,1,0,11,26,0,0,2,0,0,7,0,0,0,24,0,0,0,0,26,47,0,0,12,0,0,0,0,0,0,0,0,0,110,0,205,13,23,125,0,0,0,11,0,0,66,0,159,0,2,21,7,86,0,0,0,4,0,0,243,0,1,0,0,17
GAIA_0033,0,90,35,51,14,0,0,0,6,0,3,0,0,0,0,4,0,0,4,0,157,6,0,0,0,0,116,0,16,0,0,0,13,5,22,194,0,8,0,883,0,0,0,0,0,6,30,3736,0,1,3,2,0,3,31,0,60,19,1,5,0,0,0,0,0,0,0,0,10,0,6,1,0,0,0,0,0,0,0,0,0,90,0,21,0,0,584,1,0,15,0,0,0,1,38,0,0,7,69,5,0,0,14,0,0,0,30,0,0,0,4,59,0,0,32,4,0,184,7,0,0,0,25,0,0,0,8,58,14,142,1,0,8,0,50,772,7,0,0,1,0,1,0,0,0,3,43,0,0,0
GAIA_0034,57,20,12,8,16,11,0,0,0,8,2,1186,0,0,0,0,209,2,0,0,0,3,4,0,29,0,4,7,9,0,0,39,0,0,0,0,0,0,0,1,0,21,58,0,45,9,5,4,0,14,700,0,20,2,0,0,9,2530,5,0,0,0,6,7,36,51,2,0,0,0,13,0,0,1,22,271,0,0,5,7,11,3,0,0,59,0,3,11,1,235,2,6,22,2,0,3,0,3,0,47,0,2,9,34,0,38,0,2,0,0,9,0,5,0,0,0,0,2,0,0,262,0,4,1,0,0,3,16,24,50,274,0,0,4,13,0,0,81,0,0,0,0,33,27,0,7,0,0,0,17
GAIA_0035,0,0,2,0,1,0,0,1,0,422,0,1,0,17,80,1,65,2,0,0,97,0,0,29,3,35,0,0,1,8,2,0,57,24,0,0,0,112,2,0,0,0,0,1,104,5,8,0,0,0,4,0,41,0,0,64,0,1,1,0,4,87,1,0,1,0,0,0,5,21,11,0,64,11,0,7,2,11,19,0,0,4,0,0,1,2,0,1,3,0,0,0,0,0,3,210,4,0,0,0,25,15,10,0,2,44,0,0,0,4,6,9,8,0,5,0,112,0,2,0,0,0,0,6,0,0,0,0,24,0,2,2,1,0,39,0,110,0,0,0,1,10,9,0,0,36,0,32,0,13
GAIA_0036,0,3,0,8,1,7,0,0,4,69,2,0,1,42,0,26,0,0,2,0,7,0,47,6,5,27,50,7,1,0,0,2,9,0,29,2,0,78,0,6,0,0,1,2,0,4,0,253,0,0,3,0,0,0,52,121,2,4,0,0,0,0,0,0,0,7,0,12,3,0,0,0,3,2,5,195,5,7,0,0,372,18,0,0,0,0,9,0,0,3,3,0,3,0,17,0,5,2,0,0,30,21,10,0,2,39,0,0,4,5,9,0,0,12,80,0,0,25,0,0,1,0,33,2,0,0,0,7,5,5,0,1,0,11,5,0,0,0,0,49,0,208,0,4,0,0,0,18,2,105
GAIA_0037,1,0,0,0,0,0,0,60,6,0,0,7,2,32,0,0,65,0,12,1,0,2,3,0,0,0,0,0,0,0,330,0,0,16,76,0,2,0,0,160,0,4,1,0,0,0,0,4,9,0,5,0,0,0,17,0,0,0,44,0,0,252,58,0,2,0,5,3,16,5,0,0,1,19,0,6,14,49,1,15,1,0,0,0,0,0,0,0,3,11,35,2,0,111,0,0,2,0,0,0,0,0,5,0,1,1,55,0,0,0,6,1,7,0,0,0,29,30,0,106,0,0,0,2097,0,7,10,108,15,0,0,3,0,8,0,0,90,2,0,0,8,0,14,0,0,21,0,0,0,0
GAIA_0038,7,4,8,2,0,0,51,13,0,329,0,0,40,0,16,3,0,4,22,0,3,0,1,2,0,0,0,0,0,0,0,0,0,0,0,4,23,124,0,9,14,1,7,0,0,0,3,0,7,0,6,0,119,0,0,0,23,3,0,0,0,0,1,0,9,3,0,6,11,0,322,0,29,1,13,0,18,3,0,29,0,1,0,490,5,0,5,0,0,0,0,0,0,0,4,0,0,0,20,0,0,4,0,280,0,9,0,3,1645,4,67,0,11,0,0,0,1,10,0,4,0,0,0,0,2,0,5,7,10,112,0,0,0,38,10,3,0,132,0,0,15,0,0,0,31,0,0,1,1,2
GAIA_0039,12,0,0,0,0,0,0,2,0,0,88,0,3,0,2,2,0,0,0,0,2,11,0,1,0,1,0,15,1,14,0,119,28,0,0,209,1,0,0,0,4,30,0,0,0,0,0,64,7,65,6,0,0,61,0,0,0,0,209,1,0,6,0,16,0,1,36,0,26,0,0,10,26,8,0,0,28,10,0,0,1,0,9,0,0,17,0,0,89,640,0,34,7,0,19,39,0,76,0,0,9,7,0,37,21,41,5,24,3,0,1,497,0,0,0,9,40,0,14,0,52,7,29,0,18,0,201,25,0,0,0,0,396,16,177,0,1,8,17,0,21,13,1,20,41,10,0,0,0,0
GAIA_0040,0,2,0,0,0,0,0,0,0,1,0,0,0,65,19,1,576,10,0,0,12,16,1079,4,0,0,0,0,0,0,0,0,0,0,0,0,0,0,38,0,49,0,0,0,0,3,7,0,0,0,0,0,3,0,14,148,8,0,0,0,8,31,3,876,10,0,1,66,0,0,23,0,10,18,224,1,0,0,0,107,163,14,84,9,6,0,0,0,0,6,0,8,5,1,8,0,0,8,11,0,2,0,0,14,1,0,0,0,21,1,59,0,19,1,4,0,38,1,22,3,5,0,1,11,0,0,0,147,0,0,13,0,310,7,0,0,0,0,8,49,2,6,7,0,24,4,0,3,0,12
GAIA_0041,325,0,1,0,31,18,0,1,0,0,9,42,0,0,173,0,71,5,5,17,0,0,3,0,14,0,0,0,178,42,0,4,0,0,0,1,17,76,0,95,64,0,0,50,0,5,0,2,0,0,2,0,723,0,0,174,3,9,6,1,52,0,2,0,1,0,0,0,4,114,81,6,0,0,20,3,0,16,38,0,13,0,0,0,4,51,2,0,0,0,0,0,0,47,0,19,21,26,0,55,0,3,1444,0,3,0,0,0,0,3,0,34,5,13,2,9,0,0,0,19,0,32,0,0,0,0,45,5,0,8,9,0,0,56,2,2,0,0,133,3,4,138,0,0,0,28,0,0,3,0
GAIA_0042,4,0,50,70,0,0,0,0,0,7,0,83,0,24,66,0,772,2,0,0,0,7,0,100,2,0,2,0,0,0,103,0,0,0,5,8,0,3,9,0,0,0,5,0,7,8,3,0,0,1,1919,0,0,32,0,0,540,0,0,0,44,0,2,0,119,0,4,0,0,0,4,0,69,94,5,66,0,0,0,8,452,0,2,0,0,93,0,0,39,0,0,7,0,0,0,37,9,0,42,0,0,1,0,0,20,107,6,0,3,10,17,6,0,14,15,1,0,0,19,0,0,0,0,0,0,20,0,148,110,2,0,0,0,0,9,0,0,4,0,21,0,0,0,44,35,1,1,2,0,0
GAIA_0043,4,51,0,0,0,0,0,54,1,9,3,0,5,24,0,0,1,2,0,0,7,3,0,0,0,25,0,0,4,13,29,0,1,0,0,0,0,0,0,103,9,0,50,0,0,15,54,78,0,0,86,0,17,0,0,0,0,19,0,127,164,0,1,4,9,1,0,9,0,0,3,6,3,0,69,0,3,6,7,1,0,0,0,0,1,38,0,29,2,0,0,0,0,5,8,3,0,1,16,0,0,74,16,1,4,0,0,68,0,0,4,109,5,0,0,30,0,0,11,0,5,0,537,2,0,74,0,0,12,0,0,0,0,0,179,9,129,0,0,0,4,0,139,2,0,0,2,2,0,240
GAIA_0044,0,8,45,17,0,0,0,0,1,0,28,50,0,597,34,7,65,0,0,4,0,10,15,6,1,0,0,135,2,17,0,18,3,0,1,3,0,0,3,0,0,0,1,1,1,0,0,1,0,0,0,3,0,14,2,279,0,0,5,0,39,2,0,0,0,1,0,4,0,30,11,1,0,0,48,0,7,1,0,0,3,0,0,6,7,9,2,1,0,1,19,1,4,18,20,0,0,70,0,0,80,0,0,0,0,0,3,7,137,4,63,0,130,0,0,0,60,0,242,0,23,64,0,0,0,80,0,4,0,0,0,1,9,0,25,20,0,14,0,0,0,3,0,0,0,1,0,20,0,5
GAIA_0045,0,1,4,15,0,0,14,0,0,10,0,0,0,207,0,0,529,12,0,2,6,0,0,0,0,38,42,14,38,5,81,0,8,4,29,3,0,0,0,29,6,0,43,2,4,0,160,171,4,0,1,1,0,0,0,5,1,29,0,0,0,0,1,0,0,10,0,0,7,2,397,0,1,0,33,2,0,0,0,3,0,1,0,0,0,0,47,0,0,4,2,0,311,1,975,17,0,19,0,1,0,1,7,0,0,218,10,4,0,0,1,0,353,0,7,58,0,1,2,0,0,0,0,0,0,1,22,1,4,0,10,0,1,5,10,1,0,0,2,6,55,8587,0,18,0,0,0,0,0,0
GAIA_0046,0,0,17,0,3,0,0,0,0,1,0,0,0,75,0,0,0,1237,0,6,12,0,17,1,0,0,0,0,6,0,1,40,12,7,42,0,133,0,0,0,3,50,99,0,0,64,0,0,0,0,0,76,0,0,0,0,0,0,1531,0,68,0,20,3,10,0,0,0,0,38,0,0,338,0,0,7,0,54,167,0,0,101,4,1,0,0,0,0,0,0,0,50,0,63,2,4,0,2,7,16,0,0,30,4,30,0,0,110,0,0,0,7,42,0,0,0,6,1,0,8,0,0,2,7,0,16,0,0,0,14,0,2,20,1,0,85,0,1,0,1,34,3,0,0,0,2,0,0,0,0
GAIA_0047,0,16,0,14,0,0,4,6,367,29,0,0,1,9,11,0,0,0,183,0,82,1,0,0,0,90,36,454,0,5,14,88,0,0,0,0,0,0,0,41,2,211,0,80,0,0,1671,6,0,0,0,0,9,0,0,3,0,5,0,14,1,10,0,0,0,3,246,3,0,0,3,1,2,0,108,0,7,0,10,0,6,5,0,9,3,20,0,0,2,110,0,16,7,0,13,19,0,0,113,0,0,0,0,27,0,0,76,1,1,0,12,6,22,0,0,5,328,5,0,7,2,4,5,24,115,15,79,0,0,1,0,3,31,1,0,29,0,514,0,0,10,7,0,53,32,0,18,5,257,0
GAIA_0048,0,8,0,1,0,10,0,145,0,74,841,0,0,3,7,22,2,0,0,0,67,0,4,3772,0,0,0,6,0,27,0,215,12,0,2,96,4,12,0,0,0,3,1,2,29,0,5,7,0,0,0,0,61,0,31,0,6,27,2,996,390,7,16,112,5,0,42,8,10,0,0,11,45,4,0,1,0,0,6,0,0,113,377,0,0,0,63,60,41,0,0,2,0,1,9,0,0,0,1,69,1,0,2,0,0,0,57,130,0,1,3,1,11,0,0,160,1,88,0,0,26,5,0,12,19,30,77,16,0,0,0,31,844,0,11,13,6,0,7,83,0,16,0,1,0,0,1,0,0,0
GAIA_0049,1,0,2,78,101,41,13,0,0,360,1,27,0,2,58,0,234,0,0,2,11,0,0,0,0,0,18,0,23,0,47,0,3,1,4,13,0,0,17,39,96,8,0,3,0,0,0,9,0,0,0,0,5,5,1,206,3,0,0,78,60,8,0,16,0,0,35,0,0,0,0,0,0,57,0,21,3,0,0,0,7,0,18,1,0,13,0,6,0,0,252,0,0,35,0,149,34,2,87,4,0,19,0,0,0,0,0,33,0,0,2,6,0,0,0,1,0,3,3,25,49,4,0,94,0,235,0,10,342,0,4,13,2,0,3,2,86,18,12,0,4,1,2,7,0,2,0,0,0,0
GAIA_0050,0,9,33,9,1,0,0,1,1,2,0,906,11,0,0,18,0,4,0,0,0,0,0,18,0,1,56,0,0,0,0,25,8,0,2,0,0,0,1,3,0,0,0,0,0,0,7,1,32,212,0,0,0,0,40,0,102,0,1,0,0,0,51,42,15,0,0,0,77,0,0,0,2,143,1,0,0,0,2,0,79,28,6,113,27,0,0,37,16,10,1,24,1,0,0,0,0,0,53,0,0,2,0,1,13,1,1,2,0,6,0,0,0,3,149,0,10,0,0,16,0,0,1,1,1709,40,0,0,0,0,0,1,50,30,300,3,0,3,130,0,0,8,3,7,48,2,0,440,1,0
GAIA_0051,67,3,0,19,0,3,0,0,33,1,114,9,1,0,0,26,0,2,7,6,33,0,0,0,1,0,4,0,0,0,21,0,4,161,53,44,0,0,4,0,0,2,0,0,25,0,58,0,17,0,43,0,1,54,1,0,0,6,1,1,14,0,0,14,99,0,1,0,0,0,0,0,10,7,0,0,0,0,0,0,0,12,3,7,9,0,0,20,11,0,30,5,2,0,0,0,0,13,0,119,0,13,37,1,8,0,0,761,0,0,102,30,0,24,0,0,1336,0,29,76,0,4,0,17,37,24,0,0,0,0,3,56,0,1357,10,8,9,2,6,70,9,1,1,0,0,80,0,3,9,0
GAIA_0052,1,1,1,0,5,2,17,231,0,0,23,5,10,3,0,0,2,1,0,11,0,0,0,0,50,76,6,4,0,0,5,32,0,4,11,0,0,0,0,3,6,3,27,3,0,138,1,8,0,3,0,3,15,0,0,1,0,1,0,0,0,0,0,2,2,0,0,37,0,0,0,0,0,0,2097,0,0,14,2,16,0,4,96,0,0,0,76,0,0,0,10,61,0,0,0,2,105,5,0,0,0,0,16,0,68,0,0,0,0,35,0,0,4,21,3,0,0,2,0,0,101,76,0,97,3,0,0,0,13,0,24,0,0,112,5,0,0,0,0,0,0,13,0,0,16,0,0,0,52,7
GAIA_0053,0,0,4,0,110,492,6,554,8,0,0,0,1,32,0,2,0,3,0,71,0,26,0,0,8,14,1,31,8,0,1,2,6,323,11,1,0,3,0,0,82,7,195,45,0,0,0,0,201,471,0,0,5,30,0,0,9,0,3,58,4,17,0,0,3,0,0,0,513,52,0,2,0,1,0,5,0,8,0,0,3,0,124,0,0,0,0,0,6,0,4,0,0,49,0,0,2,1,0,8,0,0,3,2,0,18,0,4,0,0,9,0,0,0,0,0,75,47,7,3,49,0,2,1,0,10,0,0,0,106,1,71,2,34,0,11,0,4,17,2,0,0,6,0,8,1441,0,75,0,10
GAIA_0054,0,0,0,0,0,0,0,0,67,16,1,0,0,0,1,5,0,0,0,7,72,0,0,7,3,43,0,1,0,12,0,23,0,0,0,5,0,24,0,14,2,0,0,2,64,7,25,0,12,2,0,2,0,0,0,0,10,0,0,1,0,42,0,7,0,2938,242,31,0,5,2,92,12,0,2,0,181,157,33,4,0,13,7,0,8,0,0,26,28,49,24,3,0,0,9,54,26,0,609,8,0,0,2,0,0,3,0,0,0,0,25,26,0,0,0,0,144,0,4,0,0,0,21,18,46,2,3,584,4,32,0,0,0,0,0,0,45,1,0,1,11,7,0,107,1,0,0,0,0,0
GAIA_0055,0,0,0,0,9,0,0,11,3,12,0,0,5,6,0,4,0,0,1,36,0,61,2,0,0,15,1012,0,1,0,3,0,0,0,0,48,10,0,2,0,6,0,0,590,0,57,0,15,0,58,0,2,1,0,0,36,0,0,2,0,0,1630,0,1,0,34,5,39,0,0,0,0,0,196,0,205,5,4,8,5,0,0,9,30,0,0,1,0,0,5,8,7,0,0,0,14,3,13,0,96,0,2,17,34,594,49,6,0,2,2,27,12,0,3,0,14,23,15,191,11,3,0,12,0,0,4,0,1,0,11,9,0,0,88,9,0,192,15,0,0,16,0,172,3,0,44,0,0,0,6
GAIA_0056,0,0,0,5,110,0,447,0,2,6,0,55,0,12,2,13,0,8,2,0,0,0,0,0,25,6,38,1,0,2,1,6,0,32,0,0,10,10,0,20,1,121,0,0,10,1,0,613,0,0,0,0,1,0,0,31,55,7,1,0,1,0,18,0,0,3,24,121,0,2,6,159,1,0,0,2,0,0,0,0,0,0,338,0,390,0,0,1,23,1,0,1,0,2,0,0,21,0,0,62,1108,0,0,4,0,0,60,1,2,24,7,0,11,19,3,11,1,97,0,70,4,0,0,0,0,0,0,11,55,0,0,0,0,0,93,30,26,220,14,26,3,0,1,7,0,0,0,0,0,0
GAIA_0057,0,1,21,0,0,0,3,0,6,0,0,0,47,0,0,0,86,21,18,0,0,16,16,83,5,16,0,0,0,0,10,2,0,26,4,0,307,0,0,4,135,0,354,0,6,0,3,60,0,14,3,1,1302,17,0,71,0,245,0,0,0,0,0,5,7,1,0,0,29,175,1,0,4,0,0,11,3,50,0,1,0,0,153,0,0,0,94,0,0,0,187,1,0,0,12,0,0,4,12,0,0,22,0,5,35,0,3,0,0,0,743,0,0,0,0,0,0,0,15,36,0,170,6,0,3,0,0,0,17,0,0,9,0,38,42,14,0,116,434,9,0,0,0,0,0,0,0,0,6,0
GAIA_0058,0,0,0,26,241,27,11,0,125,1,0,2,0,0,67,22,26,9,21,1,3,10,12,14,0,0,0,0,0,0,0,5,0,0,0,2,11,0,142,0,0,0,9,43,0,1,6,4,0,3,0,21,25,0,0,0,0,0,10,137,0,0,0,0,0,0,56,0,0,0,3,170,1,27,0,0,0,0,74,5,0,0,0,0,0,11,26,0,28,0,0,3,8,0,0,0,2,0,91,79,1,0,19,0,0,0,1,0,19,34,0,14,8,29,13,0,4,8,19,12,0,0,0,2,43,0,0,14,0,0,0,2,2,0,30,7,0,0,126,24,1,31,6,0,17,1,3,0,0,0
GAIA_0059,310,1,0,0,5,1,11,0,0,0,0,0,0,0,18,0,12,1,0,0,0,0,0,0,0,3,4,0,22,0,0,3,0,3,0,0,14,5,6,4,4,0,0,0,0,0,21,0,0,25,5,0,0,0,3,1,32,0,0,29,1,0,0,12,5,17,251,0,0,38,0,0,0,0,0,0,0,4,0,0,0,0,7,0,25,6,0,653,19,0,125,0,0,0,0,5,4,0,14,22,0,0,0,2,0,60,0,3,0,4,0,5,12,4,0,0,0,0,21,146,3,0,1,105,0,1,13,0,25,4,0,0,6,0,4,0,1,2,155,0,181,43,5,0,7,0,76,177,1,0
GAIA_0060,0,63,0,0,0,0,0,52,13,73,0,0,0,0,0,0,0,1,0,27,10,184,0,0,0,0,3,63,0,1,0,0,0,0,6,16,7,109,0,0,11,13,16,0,0,0,0,0,0,44,17,0,6,3,0,1,5,5,0,73,0,7,0,1,18,0,1,23,0,31,46,2,0,145,449,161,0,0,0,0,0,0,5,13,115,0,0,0,5,2,29,0,0,0,0,10,0,0,0,0,3,0,0,116,0,3,33,18,0,17,297,0,0,3,7,45,0,31,0,116,0,0,0,7,24,0,0,1,0,53,0,414,0,12,0,2,0,60,0,0,7,0,12,3,3,0,4,0,2,0
GAIA_0061,0,0,54,23,0,2,0,23,120,80,0,6,28,0,0,6,0,1,0,0,0,8,26,0,67,0,0,2,0,2,6,3,0,14,5,6,0,16,6,0,0,0,0,0,0,0,0,0,0,2,206,2,2,4,0,0,0,0,0,43,0,1,83,21,2,81,0,0,0,0,13,5,0,0,0,10,2,2,0,0,0,27,0,0,0,0,0,0,1,0,0,6,7,0,0,1,15,0,105,0,0,0,3,0,11,2,0,0,0,0,0,146,25,1,1,28,4,0,0,3,147,95,0,0,0,0,0,16,2,0,0,9,0,30,0,0,0,16,7,43,0,14,0,16,367,1,1,0,9,0
GAIA_0062,17,40,0,0,54,0,38,0,11,58,346,1,0,6,5,0,4,1,2,0,0,3,8,0,0,15,1,0,11,24,124,0,2,42,0,0,0,4,0,0,1,8,0,0,7,0,0,0,24,3,14,19,0,10,0,19,27,0,0,13,0,0,6,0,0,0,3,0,51,0,0,6,2,14,0,0,0,0,3,10,7,0,0,0,1,15,0,0,0,37,0,152,4,6,10,0,0,2,2,0,30,3,0,4,25,0,0,0,3,111,6,1,0,3,0,1,237,15,0,4,0,12,13,9,0,7,1,0,0,0,0,1,0,2,161,0,9,0,0,6,0,4,0,8,130,0,0,2,3,0
GAIA_0063,0,16,2,0,35,1,0,8,0,4,0,0,6,12,0,0,129,0,1,0,16,0,0,2,0,7,0,0,9,0,0,0,0,0,0,0,5,0,2,12,0,0,0,16,1,0,88,0,8,0,4,0,0,0,297,53,5,31,3,38,0,0,52,4,11,0,297,0,0,3,57,0,49,568,1,0,0,17,10,0,37,86,0,2,38,0,0,56,0,4,0,2,0,2,123,0,0,32,2,0,15,0,22,4,0,410,0,32,0,0,3,0,23,0,18,0,1,0,0,3,3,2,0,0,16,1,0,0,0,0,0,0,0,0,73,0,16,23,0,36,42,0,0,71,9,0,1,0,0,3
GAIA_0064,0,93,0,3,41,0,0,0,0,20,9,26,2,0,0,0,0,0,0,0,0,2,10,43,0,1,10,0,0,0,407,0,4,0,0,0,0,147,0,0,0,15,0,8,4,0,0,6,13,0,0,0,0,0,17,100,24,0,0,0,6,0,0,0,2,94,0,3,1,0,0,16,0,0,0,143,0,177,13,7,0,0,53,1,0,53,0,0,7,13,19,0,1165,4,4,0,9,25,82,0,4,18,23,0,21,0,0,0,0,0,0,28,0,3,18,6,0,0,0,2,3,0,9,0,0,0,7,0,2,16,0,74,93,0,0,5,17,0,46,16,1,0,0,10,23,27,5,0,1,74
GAIA_0065,0,0,0,14,0,59,34,2,5,0,0,1,10,0,0,4,47,8,30,0,0,13,0,4,4,176,0,10,39,15,0,0,0,14,0,11,0,211,0,2,38,0,10,0,2,89,6,0,0,0,0,20,743,0,0,0,10,0,0,0,0,1,15,69,5,11,9,7,0,0,13,16,1,2,0,0,0,2,21,0,0,1,2,3,561,60,57,0,0,0,0,106,2,0,0,0,12,0,1,29,0,0,0,0,2,24,0,3,22,449,24,19,0,0,9,0,14,9,0,3,8,0,0,0,13,7,327,0,0,227,8,4,0,18,21,0,0,0,12,0,90,0,3,4,0,0,3,0,0,49
GAIA_0066,0,0,0,6,0,0,26,0,61,124,11,0,0,0,0,0,0,2,5,8,0,11,0,0,0,2,0,0,0,22,0,0,27,0,8,0,13,41,0,0,2,271,421,287,5,0,0,2,4,99,41,11,1,1,0,29,16,0,0,0,0,0,0,0,0,20,2,0,8,1,1,0,0,0,0,2,0,1,0,0,0,2,21,12,0,0,0,0,0,1,0,0,27,0,0,99,0,0,0,26,1,0,2,9,80,0,54,0,0,0,0,0,0,2,0,0,0,18,1,267,162,0,0,0,34,141,12,4,0,6,0,48,0,0,0,2,4,0,25,392,9,4,4,9,0,9,18,0,0,17
GAIA_0067,0,0,1,0,0,17,4,0,19,0,0,0,43,0,0,0,4,17,11,0,3,0,53,18,0,3,0,0,15,0,298,0,12,169,0,0,0,0,34,0,0,0,0,1,5,180,28,13,3,2,0,0,0,0,1,2,22,0,0,0,1,0,1,0,4,0,17,0,0,0,1103,0,0,0,4,0,0,0,0,0,0,0,1,0,0,0,0,0,0,0,0,33,2,1,11,0,0,0,0,3,7,0,2,0,0,61,0,2,0,0,0,5,13,0,0,0,0,9,0,2,0,0,26,15,1,4,0,0,151,0,0,11,32,25,2,0,0,0,11,509,1,4,63,0,3,0,12,58,97,13
GAIA_0068,13,0,19,0,7,0,153,0,0,1,3,16,28,0,0,0,0,0,79,0,0,4,0,0,0,46,0,8,2,0,0,0,1,0,0,0,0,5,0,0,215,0,2,20,0,0,0,26,36,0,2,53,0,1,8,0,29,4,0,6,0,44,0,5,34,0,0,5,5,0,3,3,0,48,1,23,0,0,0,79,0,0,59,0,0,13,0,7,0,1,0,0,0,0,0,4,0,172,64,18,0,1,322,0,0,0,7,0,5,30,0,2,0,0,0,0,85,0,71,455,0,24,58,4,0,0,9,0,0,62,0,2,327,5,11,0,1,190,0,0,2,0,2,0,0,0,43,121,35,0
GAIA_0069,0,0,0,1,29,0,20,0,3,0,0,1,0,0,0,0,0,21,0,0,1,0,14,2,0,0,50,0,0,5,0,49,0,9,3,5,0,3,276,0,0,0,65,0,31,0,2,0,4,0,6,6,81,7,3,0,9,0,0,10,0,0,0,0,0,0,0,11,0,7,61,0,0,0,1,20,6,2,67,0,3,57,13,0,12,10,0,3,187,0,3,0,6,0,0,10,0,0,0,4,0,0,46,0,1,2,0,1429,0,0,0,1,1,0,0,1,0,74,85,49,21,0,2,1,15,0,1,74,0,0,67,0,0,0,0,0,4,50,1,0,0,0,0,0,1,4,0,8,89,0
GAIA_0070,161,106,0,0,0,34,3,0,19,0,1,7,6,0,10,51,0,94,0,510,0,9,0,0,0,0,2,0,70,7,0,0,0,37,0,0,66,0,0,0,0,0,0,0,0,18,15,0,0,0,1,0,0,0,0,0,12,0,6,112,0,25,7,0,735,0,0,0,0,192,0,0,0,0,0,17,0,2,16,4,0,2003,2,0,0,0,0,14,0,0,4,3,6,0,14,0,20,43,13,15,0,1,1,0,10,0,18,0,71,1,4,69,0,1,10,13,15,0,0,0,3,18,0,110,81,4,99,0,47,276,83,9,0,0,13,0,0,0,2,6,12,0,62,0,1,11,375,0,3,0
GAIA_0071,0,11,3,0,1,0,0,0,0,0,122,12,49,0,28,0,40,0,0,2,35,0,0,0,0,2,67,10,2,0,1,0,0,35,0,1,0,4,0,2,2,42,62,6,29,0,0,0,20,0,2,0,3,94,23,1,0,1,5,0,77,0,0,0,4,0,8,33,146,0,5,0,7,8,0,0,3,0,0,0,0,14,2,0,0,0,0,0,3,0,0,9,1,3,0,6,5,1,0,5,14,0,0,0,2,0,5,5,16,1,47,17,0,0,0,47,0,173,36,408,0,0,0,109,0,11,0,0,0,8,0,0,1,37,174,46,61,0,0,2,0,2,0,0,0,4,0,0,8,0
GAIA_0072,2,20,13,8,47,1,0,7,0,0,1,0,6,11,2,0,8,0,0,0,0,6,0,15,0,4,3,12,0,2,0,13,0,4,0,4,1,0,0,0,0,0,1,24,3,4,0,98,0,2,1,29,0,0,0,1,14,0,54,0,5,0,7,3,0,0,10,0,1,0,0,12,0,0,126,0,28,0,0,0,0,0,2,12,41,0,0,1,102,0,0,0,0,21,0,0,0,0,1,3,0,2,0,0,6,0,1,14,0,1,6,0,0,0,1,7,6,0,0,0,190,0,218,0,0,0,1,2,0,0,3,0,0,9,0,0,29,3,0,27,0,0,0,3,0,0,2,36,0,0
GAIA_0073,1,57,39,0,1,5,0,0,14,9,0,0,1,13,13,5,0,0,0,0,0,0,287,19,0,12,33,2,65,0,0,0,0,0,0,10,206,5,25,0,0,35,2,3,0,11,14,0,35,0,0,17,68,33,64,0,0,0,6,6,11,5,5,1,48,8,0,0,0,101,22,0,33,46,9,180,11,0,0,0,2,0,0,53,1,1,5,0,10,1,0,0,4,63,0,41,135,2,5,568,132,0,16,7,38,1,1,0,2,37,0,2,0,55,0,0,0,0,0,16,1,0,0,8,0,0,0,0,0,168,43,235,0,3,0,6,11,6,0,182,0,0,6,10,2,25,0,10,0,4
GAIA_0074,15,1,1,11,28,0,20,2,5,0,1,0,7,3,0,19,0,0,0,51,0,0,0,0,0,44,0,0,0,52,0,0,0,0,10,0,1,0,2,5,0,139,0,0,79,44,1,14,0,45,6,0,0,0,0,0,3,5,27,0,0,0,0,0,690,0,0,50,5,0,44,0,0,0,0,20,12,47,0,10,0,0,0,3,2,0,54,0,38,0,5,4,4,0,3,40,0,0,0,0,0,0,0,5,113,6,18,2,19,211,54,6,28,0,20,0,67,5,26,3,1,4,6,0,41,0,1685,0,0,7,13,2,10,0,6,0,0,7,10,9,0,71,0,11,0,6,0,6,87,4
GAIA_0075,0,6,1,0,0,0,0,7,2,0,2,2,6,0,0,0,12,37,0,0,311,2,0,0,0,34,0,7,17,0,0,0,3,3,0,0,2,0,0,0,32,0,0,289,0,0,1,0,4,3,0,0,1,0,1,0,4,0,2,0,0,0,0,0,5,1,45,16,6,1,0,0,9,182,18,0,9,0,1,0,14,14,20,0,0,0,11,1,6345,20,0,2,0,7,0,0,4,0,0,0,0,0,165,114,32,0,8,25,1,13,0,2,0,0,0,27,2,229,0,90,0,0,11,4,0,0,7,52,23,0,19,0,0,0,4,5,40,33,0,4,0,16,21,0,1,1,9,0,6,0
GAIA_0076,0,0,0,0,15,23,1,154,0,157,2,0,16,12,0,0,6,2,0,39,10,0,4,3,0,3,0,0,0,22,4,14,0,0,0,0,5,94,0,7,7,0,2,17,0,0,3,38,50,0,0,0,0,0,975,0,0,0,1,3,23,0,0,0,5300,0,0,0,4,9,96,0,0,0,0,127,76,0,0,0,0,14,3,2,2,7,0,0,2,82,0,10,11,99,92,6,0,1,0,3,22,17,24,0,306,9,66,0,79,61,0,8,1,0,6,0,3,35,39,0,0,0,0,1,0,14,0,16,0,1,0,16,0,0,51,0,0,0,0,0,2,68,12,0,0,98,11,0,0,0
GAIA_0077,0,6,0,71,17,20,0,0,9,0,10,0,0,183,62,7,10,4,0,0,0,4,0,0,0,14,2,18,0,1,5,18,0,0,22,64,0,1,0,1,22,0,0,98,7,0,0,1149,0,0,0,0,0,9,2,0,1,11,0,1,0,0,19,1,3,0,0,44,11,0,3,104,0,0,0,0,1,2,1115,0,0,3,946,0,0,10,6,0,4,24,0,6,151,0,20,31,73,0,11,53,0,0,12,212,0,0,138,0,0,3,0,2,163,2,9,1,39,0,0,0,0,0,0,0,0,1,0,3,0,0,0,4,366,0,0,0,68,0,4,100,2,0,143,0,0,0,2,0,17,0
GAIA_0078,0,0,0,163,0,33,1,0,70,0,404,8,72,0,23,0,15,1,0,241,4,0,0,0,130,0,21,0,0,0,0,0,0,0,0,5,0,0,0,9,0,5,0,0,42,24,0,0,13,0,26,141,1,4,2,87,8,0,16,11,0,37,0,0,6,0,5,0,7,0,0,31,23,18,100,0,0,6,3,1,0,2,0,3,0,0,1,68,182,28,0,0,172,0,0,2,0,1,234,0,0,7,2,3,0,2,0,11,0,42,0,0,0,0,26,0,43,17,0,0,2,0,31,87,0,38,213,7,0,9,0,2,17,0,0,0,7,0,0,9,24,1,34,2,0,5,0,0,0,0
GAIA_0079,18,10,86,0,0,0,4,57,3,7,17,0,0,195,0,0,6,0,14,0,210,0,16,1,0,0,0,0,0,0,0,3,0,8,0,33,5,3,0,1,0,429,1,4,3,4,0,12,0,58,0,0,0,0,4,1287,21,0,1,6,0,0,0,0,0,12,0,0,23,0,30,0,0,2,2,8,972,13,0,1,2,575,3,45,0,12,0,0,2,0,0,35,0,18,0,0,0,0,0,0,94,0,0,0,1,2,117,16,1,0,0,7,0,1,1,0,0,162,15,0,12,0,0,0,1,0,11,0,15,648,0,4,0,0,26,0,8,43,0,226,2,0,3,1,0,0,6,39,0,1
GAIA_0080,0,0,3,6,7,10,0,6,0,3,2,0,0,40,7,2,0,1,0,11,0,0,22,0,51,19,0,0,0,49,0,0,5,6,0,1,4,0,0,0,14,6,0,37,0,12,27,14,56,0,63,0,0,0,5,0,0,0,7,13,0,0,2,0,28,0,0,3,0,0,30,37,13,0,0,0,7,0,211,31,91,8,1,6,1,166,0,20,0,0,0,0,7,0,27,0,108,2,0,10,0,1,0,0,18,0,5,0,9,3,0,0,2,0,3,0,0,19,0,1,48,6,13,0,44,2,0,0,0,0,372,13,0,15,3,0,6,0,0,53,0,0,0,0,3,0,0,0,0,0
GAIA_0081,0,0,77,0,29,0,9,30,1,10,3,30,11,0,0,0,1,0,6,0,1151,15,0,2,0,0,0,1,0,15,0,0,0,0,0,345,16,0,0,0,18,0,0,0,0,0,0,0,1,0,14,212,0,0,0,33,39,0,0,0,0,7,0,0,84,3,3,6,0,9,0,5,48,0,0,106,0,6,0,1,13,0,0,6,5,2,737,1,55,3,0,0,27,46,0,2671,0,1,18,0,47,0,842,40,0,1,37,0,0,30,0,6,0,2,0,0,2,0,1,1,0,10,5,0,10,57,4,12,12,0,451,0,27,34,5,24,12,0,3,2,2,0,0,181,0,0,0,2,0,26
GAIA_0082,0,6,0,0,1,0,0,59,0,0,0,0,0,0,0,0,285,17,0,4,0,38,0,3,0,12,0,0,0,6,1,9,20,28,0,0,4,0,19,0,0,0,1,0,0,40,11,6,0,0,0,3,0,4,46,22,2,8,0,9,0,51,0,2,33,0,4,0,0,28,0,0,21,1,0,0,0,0,0,34,0,853,1,3,0,6,3,0,0,0,86,0,106,1,1,5,0,5,0,2,0,29,4,28,0,0,41,1,1,0,0,0,11,24,152,5,2,0,96,5,0,0,0,41,3,0,0,0,0,0,109,160,0,14,0,4,0,0,0,28,0,0,2,0,0,0,1,0,14,0
GAIA_0083,4,123,22,0,0,2,42,3,0,6,0,583,1,5,12,4,4,17,156,34,0,0,0,10,14,115,4,0,21,0,0,5,0,0,0,5,13,0,0,0,0,9,0,0,9,2,46,32,5,0,0,0,1,1,5,76,0,0,0,22,0,9,0,39,0,6,19,499,43,6,7,2,1,2,1,0,0,106,0,7,0,2,0,65,1,0,30,14,0,1,0,1,0,4,2,1,0,10,3,0,20,0,21,24,0,0,7,7,0,0,6,4,0,0,0,3,21,0,0,2,0,0,0,0,0,0,0,6,0,0,14,3,0,185,1,0,126,0,0,20,0,123,1,2804,139,0,0,0,0,0
GAIA_0084,90,5,3,0,41,15,0,36,0,13,0,208,0,166,8,19,0,0,0,0,2,6,0,6,0,0,5,0,0,0,350,6,0,0,7,118,58,40,22,3,0,4,4,0,13,0,81,0,0,0,112,0,151,0,10,0,108,27,19,0,3,6,1,0,0,2,0,3,20,0,5,9,0,0,0,0,26,19,58,11,19,10,0,0,0,176,0,5,77,6,0,9,3,7,1,67,127,5,0,2,5,20,0,0,0,0,2,0,5261,0,0,42,5,41,10,8,5,0,0,0,0,0,0,6,29,54,37,4,8,16,0,23,0,437,3,5,1,2,697,48,0,149,80,4,0,7,381,1,0,0
GAIA_0085,0,0,0,11,0,3,17,1,23,4,0,0,2,8,10,0,7,0,0,9,99,0,0,0,5,13,0,93,0,0,0,0,0,0,3,0,0,0,0,0,0,243,213,3,1103,7,1,2,0,183,0,0,0,8,1,0,4,3,3,11,128,0,10,0,22,2,8,22,0,0,129,0,10,0,0,19,0,0,18,0,0,0,5,114,19,0,0,2,16,15,1,0,0,5,552,0,278,0,0,0,79,0,1,2,0,0,0,0,7,0,0,0,21,0,0,0,0,0,19,0,0,0,11,0,0,0,0,37,38,39,13,0,0,10,9,0,15,0,9,2,52,3,0,0,3,0,6,5,0,0
GAIA_0086,2,0,0,20,0,0,6,0,27,8,0,0,240,2175,4,14,8,0,1,0,0,16,0,0,17,0,109,15,0,0,1,2,0,7,0,0,0,0,0,104,0,0,1,94,0,0,38,1,390,0,27,0,510,0,57,0,2,35,57,0,65,59,0,180,0,0,0,1,12,11,5,39,4,0,0,35,0,0,21,1,0,0,1,35,0,0,1,0,2,18,4,0,0,0,87,2,6,2,0,0,7,0,0,1,0,1,1,3,27,3,0,1,0,348,1,0,0,0,3,0,0,56,0,0,9,61,36,6,0,0,20,0,10,0,464,0,0,2,0,107,1,2,0,1,0,156,80,17,6,0
GAIA_0087,12,0,11,0,1,7,0,0,5,17,0,567,18,0,8,0,0,21,1,2,0,18,29,18,7,2,16,301,56,0,0,3,2,1,0,3,82,2,1,0,2,10,18,0,87,0,0,1,0,0,12,0,9,0,0,0,0,37,2,0,93,14,0,5,1570,2,242,0,0,19,0,0,1,7,14,0,0,0,0,48,7,0,17,7,5,19,3,1,0,5,7,65,5,7,2,0,14,44,2,0,36,12,1,100,0,35,0,321,0,0,6,3,0,0,1,1,0,0,2,3233,0,73,2,20,27,0,0,394,2,11,12,0,4,10,3,974,1,78,0,0,0,1,2,0,0,0,109,0,35,0
GAIA_0088,0,137,0,9,32,0,0,7,9,0,0,0,0,0,2,0,0,0,5,0,0,0,44,5,59,7029,0,0,0,25,0,0,15,0,0,0,0,0,30,12,0,1,0,0,7,0,1408,0,0,0,2,0,1,0,4,4,0,0,0,0,25,6,3,10,74,70,0,34,5,7,2,5,108,8,9,0,3,4,0,7,3,0,0,0,3,0,78,12,0,0,224,46,0,31,131,63,0,62,0,0,0,0,2,0,0,2,2,0,146,0,2,0,0,0,28,0,785,0,0,0,1,0,0,7,0,0,0,95,0,17,0,0,19,870,0,92,0,2,1,0,0,1,0,0,9,0,7,2,0,2
GAIA_0089,0,18,0,48,0,0,0,0,0,53,5,0,0,0,8,0,3,0,5,0,0,2,0,8,0,16,0,2,116,22,38,85,21,0,0,0,0,211,47,0,15,10,18,0,0,4,0,1,2,77,0,1,6,1,0,0,0,0,449,18,0,17,22,53,0,52,0,0,10,14,0,12,0,4,0,45,1,0,3,0,0,59,14,0,0,76,0,39,47,0,94,6,8,14,4329,0,30,0,9,1,38,0,0,8,0,9,1,7,33,0,3,0,0,0,12,103,0,0,26,18,33,0,0,55,0,16,3,1,0,11,0,2,131,14,0,0,0,7,12,2,1,0,4,6,0,12,0,0,9,4
GAIA_0090,0,11,34,21,31,0,43,5,0,207,4,2,0,0,9,0,18,0,0,2,3,1,95,3,1,30,0,25,260,0,0,0,0,0,17,0,1,0,0,3,0,16,2,68,0,69,0,58,498,34,35,10,0,33,0,0,0,0,26,20,8,10,0,3,0,1,0,0,0,0,4,0,0,1,0,5,209,19,0,0,8,1,0,109,31,0,2,17,0,0,1,0,0,86,7,0,10,0,0,0,0,8,279,109,45,0,29,0,0,0,0,1,0,1,1064,0,15,0,0,0,131,0,24,0,0,0,0,0,17,0,1,0,0,7,0,15,2,0,211,9,4,3,0,0,96,2,7,0,0,25
GAIA_0091,0,246,0,0,0,0,450,73,10,11,132,23,166,0,18,2,247,162,0,159,0,0,1036,0,4,41,3,8,123,7,0,15,1,0,0,140,45,65,1,0,0,1,270,2,1,13,30,45,1,0,1,0,1,1,20,0,0,0,0,26,2,0,0,2,0,0,49,38,7,0,0,0,0,0,1,0,0,0,12,0,0,0,151,0,56,0,0,68,0,0,6,1,1,0,2,2,0,0,626,24,4,6,3,8,6,1,213,0,0,6,0,14,3,4,0,0,0,0,1,8,0,0,5,0,5,2,3,2,0,10,0,0,3,0,1,66,0,0,0,0,0,17,0,0,0,18,3,32,143,0
GAIA_0092,0,0,976,2,0,6,1,1,0,0,0,8,13,4,0,0,8,0,0,10,13,210,6,33,447,0,74,4,0,0,20,12,0,57,0,194,44,6,0,0,0,0,0,0,260,3,6,0,0,0,0,0,0,1,0,0,0,3,0,0,0,161,1,0,28,153,0,0,28,28,1,0,136,0,0,4,0,7,0,2,0,1,0,381,0,0,40,0,2,0,30,50,6,0,0,0,0,0,0,0,6,4,6,0,0,0,0,3,1,104,1,125,190,0,8,0,0,0,34,419,44,14,0,0,542,2,0,0,103,6,10,0,1,0,0,3,0,1,0,12,25,1,0,2,1,14,0,0,0,23
GAIA_0093,2,14,260,0,0,0,0,38,0,8,0,15,17,0,10,0,54,32,1,0,0,0,0,0,12,3,42,14,3,11,0,2,0,6,17,1,0,67,0,0,0,0,0,0,4,0,17,3,0,0,0,0,0,0,0,0,6,0,1,331,0,343,0,0,3,6,0,18,3,5,0,1,1,57,0,0,0,1,0,0,69,20,64,0,2,0,85,3,0,0,0,2,0,1,0,1,3,6,1,0,13,1,1,1,0,48,0,0,544,0,64,1,1,1,6,23,28,1,1,1,5,4,1,12,0,2,3,0,2,28,0,0,14,0,2,0,115,0,0,2,7,4,0,3,0,2,0,46,0,11
GAIA_0094,0,3,55,0,1,0,280,18,72,0,0,0,4,2,0,15,21,181,0,1,0,4,44,2,0,0,9,0,13,0,0,0,0,0,0,0,17,0,0,14,0,0,0,6,0,0,0,885,0,0,5,4,0,2,0,0,0,32,0,2,0,3,9,0,0,11,0,20,0,479,0,0,83,0,0,1,0,0,0,2,0,0,0,0,13,18,17,5,0,1,126,10,3,69,0,4,9,0,9,0,0,10,0,0,115,0,0,5,0,24,5,225,0,5,0,3,7,3,34,129,36,0,46,22,0,221,0,0,3,25,0,0,0,13,0,31,14,0,0,8,0,5,0,0,0,14,154,0,19,36
GAIA_0095,0,9,0,40,308,3,0,86,56,9,1,6,18,0,14,0,22,41,15,1,5,49,0,0,150,20,24,0,0,12,0,0,0,3,3,0,0,0,0,95,0,0,0,0,8,17,3,1,0,918,0,0,0,0,0,1,0,4,1,7,0,2,3,0,37,5,38,23,0,118,0,0,251,4,0,0,0,0,0,0,14,4,0,0,1,64,0,2,0,80,138,0,19,0,0,4,1,0,0,1,80,43,22,25,2,303,8,13,0,1,0,0,1,0,0,80,2,0,0,0,1,0,187,0,0,0,2,363,12,40,0,4,205,0,134,0,0,0,9,2,0,81,2,9,13,0,134,0,12,12
GAIA_0096,0,0,42,32,0,30,0,0,1,0,13,0,1,2,0,1,0,72,0,0,9,0,4,0,3,0,0,0,0,59,0,1,0,0,10,525,12,0,4,0,91,23,70,0,3,1,0,1,10,0,0,0,6,36,1,0,18,0,18,2,0,0,0,5,282,1,0,7,0,5,50,0,0,0,0,0,0,0,1,33,1,0,0,14,0,0,7,156,0,0,18,5,1,27,39,0,2,761,0,28,0,0,36,31,21,0,10,0,0,0,1,0,0,0,5,16,49,2,0,48,20,0,13,79,0,106,8,22,0,0,3,7,44,46,4,0,0,1,0,0,14,0,0,11,78,0,20,7,0,2
GAIA_0097,0,0,0,41,2,0,0,0,1,0,103,0,0,0,0,0,0,17,2,0,0,0,11,0,2,0,4,0,28,0,6,0,12,4,0,13,77,0,1,10,0,1,0,0,0,0,0,0,0,18,0,0,14,0,0,492,2,0,4,0,611,0,54,0,0,141,2,159,99,25,286,642,0,1,0,658,3,71,1,0,1,0,0,0,24,0,0,4,1,2,0,0,0,2,0,0,57,1,0,6,0,0,0,0,0,504,11,1,0,10,25,83,0,1,38,36,9,575,3,1,17,1,19,1,0,0,3,0,0,0,0,23,48,0,1,24,2,0,81,2,0,10,0,51,22,0,0,0,0,0
GAIA_0098,3,0,8,33,0,201,0,112,42,0,0,2,177,118,2,0,0,4,4,21,42,0,0,0,0,741,15,0,15,16,0,4,6,95,8,0,0,1,0,1,0,0,19,0,19,9,29,0,0,0,75,5,0,0,0,25,22,0,1,11,0,0,0,2,268,0,10,0,0,1,3,0,42,0,54,3,0,0,0,0,0,0,0,20,0,0,11,3,0,7,12,0,0,0,28,10,54,7,0,3,4,0,0,8,0,1,8,2,1,0,0,0,1,1,253,50,0,0,12,14,0,74,38,19,0,18,18,0,66,0,26,1,20,0,0,0,0,0,0,37,6,0,117,0,0,0,28,14,0,0
GAIA_0099,0,0,32,2,17,9,5,0,0,7,2,0,3,0,0,0,0,160,0,21,0,41,0,0,25,3,44,0,5,0,10,0,43,14,24,94,5,0,99,0,0,0,23,0,0,23,0,2,0,0,0,12,2,0,0,71,20,36,0,0,0,0,3947,0,58,0,54,303,6,0,5,0,6,0,6,4,0,0,0,0,964,0,0,0,67,0,0,7,1,6,0,0,1,0,6,228,0,0,33,5,309,7,29,0,20,12,0,0,2,12,25,5,13,6,8,0,0,1629,13,26,17,4,0,4,0,3,0,0,0,0,0,3,0,0,0,7,0,58,0,3,0,45,11,11,4,0,87,101,0,0
GAIA_0100,0,0,8,0,0,1,87,0,0,0,3,0,46,73,38,49,1,4,0,4,0,9,101,0,20,0,0,32,4,22,0,0,0,241,0,85,0,0,0,7,3,0,0,0,10,7,0,0,59,16,5,0,1,4,0,0,3,0,338,1,0,0,0,2,0,27,27,34,3,0,0,21,64,0,0,1,0,0,0,3,4,0,7,0,0,0,0,0,0,0,0,2,79,10,14,78,6,33,29,0,140,0,0,0,0,0,4,0,25,3,280,0,0,2,1,2,0,0,1,0,0,0,24,26,6,0,18,0,0,0,2,0,1,0,0,260,2,34,13,98,0,0,0,13,2,1,0,10,150,3
GAIA_0101,0,6,0,32,0,0,3,44,0,16,1,2,0,0,22,1,0,2,30,0,5,255,0,0,605,0,9,20,0,99,3,0,3,1,0,0,81,29,0,0,0,0,0,36,0,0,0,6,215,0,0,33,0,27,15,0,19,0,1638,0,0,2,0,0,15,208,1,2,11,43,0,0,1,0,0,6,21,0,3,0,7,0,0,0,40,0,674,0,0,1542,16,53,24,0,0,0,15,0,5,0,15,0,19,0,0,4,0,62,0,0,1,0,0,1,0,289,16,126,54,1,5,0,9,0,16,0,0,0,0,11,0,1,28,0,0,0,7,0,0,0,1,43,0,0,0,9,2,0,0,10
GAIA_0102,0,65,20,4,0,1,8,36,0,0,7,4,0,0,2,0,151,4,0,0,0,14,1474,18,2,2,0,0,0,35,2,1,0,0,0,0,0,15,3,4,0,1,34,0,2,32,0,0,0,0,0,0,2,0,0,0,1,0,0,0,0,8,2,51,0,0,0,0,4,0,0,0,0,9,0,15,74,0,28,0,0,28,0,0,43,42,0,36,8,35,2,26,39,3,0,2,0,5,0,1,0,33,0,0,13,18,6,7,5,56,0,34,0,10,1,84,1,3,3,3,31,0,0,0,10,0,17,7,5,79,0,23,1,9,0,0,0,278,9,0,11,0,160,17,0,18,0,0,0,0
GAIA_0103,0,0,4,39,0,195,6,5,1,21,0,0,23,23,9,158,42,2,2,1,22,0,0,104,0,5,0,43,0,0,0,4,0,2,17,0,0,2317,0,9,0,12,0,0,0,0,360,15,67,5,6,65,0,99,0,6,12,4,0,0,54,0,0,0,15,319,2,0,29,10,0,1,0,0,0,66,6,2,0,0,111,0,0,0,3,363,69,0,6,15,0,0,0,0,0,3,5,7,0,0,0,13,0,0,46,0,0,74,0,0,0,5,7,0,347,0,0,138,0,0,0,0,14,27,0,0,0,0,0,0,0,0,0,0,0,0,3,23,0,0,1,4,1,98,0,298,16,0,61,0
GAIA_0104,0,0,0,0,0,0,0,41,7,0,0,0,87,0,0,27,0,0,1157,0,36,1,0,7,5,1018,0,23,0,17,72,2,0,0,0,31,412,3,1,0,0,19,0,0,18,0,0,2,0,11,7,10,20,0,5,0,0,0,0,1,41,0,11,9,32,0,29,0,0,156,0,11,1,0,1,2,3,0,1,7,1,0,0,863,0,0,2,13,14,2,35,0,4,0,0,4,0,1,77,0,0,16,0,8,0,119,0,1,0,0,0,21,0,1,45,1,36,1,0,0,41,24,0,3,10,0,114,0,0,2,0,0,25,7,171,162,0,0,8,0,0,9,0,0,1,0,143,48,0,2
GAIA_0105,63,9,20,15,5,1,0,0,3,44,32,4,118,3,151,0,0,1,6,4,0,0,1,23,100,0,226,0,1,33,3,0,3,1,0,0,0,22,0,0,80,0,0,0,0,0,3,11,1,0,0,17,26,1,0,0,1,2,0,0,0,243,2,0,12,25,373,0,38,0,5,0,0,0,0,0,0,4,347,0,0,129,0,0,0,0,8,0,0,0,0,0,0,57421,56,41,2,170,66,318,288,0,0,0,1,14,2,466,333,7,0,144,0,0,4,2,0,8,8,0,0,16,0,0,0,0,0,5,2,0,1,2,1,65,0,18,0,0,0,209,0,7,26,0,1,0,652,1,0,0
GAIA_0106,0,9,64,28,0,1,0,4,79,5,1,4,0,0,11,20,0,0,0,0,0,2,117,79,0,0,1,0,5,2,0,0,0,0,0,66,0,0,0,0,3,62,3,169,22,3,75,0,0,0,0,0,0,0,20,26,0,39,45,0,0,0,0,10,3,84,3,0,0,54,455,0,13,0,8,8,35,8,0,71,0,0,82,3,0,0,0,0,12,5,0,26,0,3,4,0,0,4,0,22,0,0,1,2,14,0,0,36,3,0,153,34,0,2,91,0,0,0,30,53,0,1043,38,4,1,1,0,0,210,138,26,0,1,91,2,0,19,0,1,6,0,58,0,4,8,0,1,0,28,0
GAIA_0107,96,0,0,0,15,0,0,0,4,1,4,125,214,0,65,12,0,2,0,0,1,0,0,24,9,0,0,3,0,2,0,1,16,63,1,95,9,11,0,0,0,35,1,208,0,1,7,1047,0,21,0,30,93,3,69,627,0,35,0,7,5,36,82,5,0,157,40,2,2,1,0,0,0,0,0,7,0,72,130,0,0,0,0,0,0,8,2,0,19,4,0,6,1,0,108,4,255,129,2,0,0,74,2,45,82,1,1,30,0,0,3,0,0,0,0,0,0,0,0,0,0,20,0,1,0,0,0,233,0,0,0,20,0,0,15,0,0,0,0,0,19,0,0,3,286,1,4,2,0,0
GAIA_0108,121,0,1,1819,8,0,0,2,205,1,129,0,97,331,0,94,0,0,1,20,7,5,9,0,28,0,0,7,2,25,0,1,54,5,0,0,8,72,0,9,410,5,5,0,3,0,0,1,18,0,7,0,0,33,0,0,0,0,57,7,180,41,3,6,22,51,14,67,0,1,6,11,0,0,18,0,0,0,0,0,0,0,40,24,6,0,0,2,12,223,0,0,0,0,0,0,0,1,0,0,5,10,0,0,0,6,0,0,1731,0,0,0,0,8,0,92,16,0,0,0,0,0,0,0,0,34,38,0,4,148,47,8,0,14,0,0,0,3,4,0,0,119,0,50,1,33,0,14,0,26
GAIA_0109,0,0,17,0,2,0,1,0,12,55,1,2,0,0,9,47,56,1,0,7,38,0,13,72,1,4,194,4,0,0,1,15,1,12,1,0,0,0,20,0,1,0,0,7,17,0,0,51,45,30,0,0,44,0,53,0,0,10,12,0,0,6,493,0,17,1,0,4,0,5,7,0,0,45,8,57,3,0,0,0,0,141,0,26,0,0,28,0,4,30,0,0,0,30,3,0,21,6,7,65,0,0,0,1,5,0,0,0,7,184,4,47,0,0,0,0,7,0,4,12,0,0,25,75,0,5,944,6,68,50,0,0,9,14,0,0,0,6,79,0,120,41,0,3,0,2,23,31,0,57
GAIA_0110,0,47,0,1,21,0,0,0,13,9,0,0,0,8,7,28,4,22,0,0,0,797,0,4,1,0,0,1,0,2,0,0,6,472,0,0,2,48,0,0,5,0,11,0,0,0,0,1,141,55,94,0,0,0,14,15,142,0,0,0,40,0,0,0,0,0,1,35,0,0,15,20,0,2,0,0,0,0,135,0,0,0,0,43,0,0,1,0,142,279,0,0,0,0,0,2,32,0,0,1,19,0,2,4,0,3,0,0,0,0,640,3,3,0,0,0,12,0,0,0,2,11,0,3,0,0,0,2,0,8,13,12,67,0,29,1,0,1,1,22,0,0,11,0,0,44,0,2,0,10
GAIA_0111,0,75,10,0,0,0,2,16,0,0,0,4,12,59,9,26,0,6,8,5,0,1,12,0,5,3,1,0,4,0,0,5,0,0,1332,0,2,0,0,0,0,11,8,0,0,60,7,7,62,0,175,0,45,0,1,12,60,0,17,0,0,5,0,0,0,5,36,0,1,0,0,0,0,69,27,0,0,0,0,0,0,0,0,0,16,0,3,1,173,0,0,2,7,0,0,7,79,0,0,8,615,0,2,2,0,0,0,14,0,4,0,137,4,3,6,0,0,0,2,40,1,0,0,0,112,0,0,21,8,0,59,0,0,25,2,2,1,84,0,1,14,0,0,0,45,7,0,2,30,0
GAIA_0112,534,7,8,0,0,0,0,0,52,0,0,82,24,0,2,2,0,0,0,0,0,1,0,0,0,0,0,56,86,9,432,38,0,1,25,11,20,1,0,1,0,54,0,9,0,0,4,12,18,0,236,0,8,0,17,0,0,21,4,0,0,44,9,0,0,0,0,3,18,2,1,0,0,110,0,4,0,1,115,0,1,2,0,6,10,327,0,6,3,0,0,0,0,1,83,0,46,92,0,0,15,4,0,0,2,0,13,0,16,2863,0,0,0,4,0,2,2,9,0,13,68,0,0,0,13,5,1,3,2,31,14,29,0,0,0,0,3,0,3,3,5,0,1,9,63,13,0,3,2,8
GAIA_0113,0,0,0,258,0,0,371,19,0,39,0,18,0,2,0,0,0,58,1,0,1,5,14,1,0,0,0,6,0,0,8,0,0,0,1,9,0,26,12,0,133,94,0,0,2,0,60,523,33,13,3,10,112,6,1,0,0,12,2,57,3,5,0,0,11,73,0,19,0,10,42,8,0,30,2,13,4,5,0,0,8,0,0,0,7,8,0,2,0,25,0,10,4,7,0,1,19,0,10,0,2,0,0,2,0,0,35,0,6,1,43,22,2,0,0,0,9,11,0,0,0,8,45,3,0,30,0,36,4,25,0,5,2,108,0,0,6,0,70,0,0,21,0,2,9,0,30,0,6,0
GAIA_0114,0,0,0,597,81,0,3,0,0,0,0,0,0,2,0,0,0,25,0,0,0,2,0,0,0,0,13,8,0,0,0,264,7,0,0,15,27,0,17,211,0,796,0,211,0,14,31,2,8,45,1,208,0,0,0,0,3,2,5,6,0,378,11,1,2,5,0,0,489,13,0,37,0,0,1,202,4,0,83,4,0,3,20,0,0,0,8,1,0,0,0,0,17,1,0,0,75,184,0,7,0,0,0,0,0,5,194,38,0,0,1,0,0,0,0,80,11,28,4,0,0,0,0,12,88,40,0,12,5,68,58,103,0,0,68,0,0,21,2,0,0,10,3,0,15,3,1,6,0,57
GAIA_0115,0,5,25,14,1,27,1,0,27,18,0,81,8,32,0,69,69,10,36,11,0,0,0,23,5,1,0,0,0,0,12,0,24,0,0,13,2,1,0,0,231,144,18,0,0,33,0,0,0,163,0,0,4,0,68,41,0,95,134,5,0,678,0,0,112,0,2,8,58,0,4,0,2,0,0,0,2,4,0,0,0,2,0,12,0,8,104,0,0,115,2,218,1,17,0,3,0,29,0,0,0,0,0,4,309,0,0,1,0,0,1,49,0,0,0,3,0,37,0,0,3,0,12,41,0,0,27,0,41,5,3438,0,114,3,0,2,12,58,231,126,0,70,0,0,0,1,7,1,0,19
GAIA_0116,25,0,0,0,0,0,5,0,0,0,0,0,0,0,2,2,27,11,0,8,13,0,6,0,34,0,4,150,125,40,21,202,342,5,1,0,3616,0,0,0,9,0,5,0,25,85,3,5,0,10,6,34,87,1,0,0,0,0,11,19,0,2,1,1,0,0,4,0,0,42,2,10,0,0,0,1305,0,0,0,2,40,1,0,2,84,1,3,0,0,8,0,0,15,0,2,19,0,38,0,0,88,14,0,0,2,0,12,0,12,0,18,282,64,21,0,5,8,29,26,0,0,31,0,219,0,135,0,54,0,14,0,37,3,58,0,0,0,54,0,0,0,1,245,6,0,0,8,9,379,0
GAIA_0117,7,0,2,214,0,0,16,0,0,0,202,0,0,940,0,0,129,2,0,0,455,2,5,0,49,1,2,13,0,0,0,0,0,0,3,0,1,11,0,0,0,0,13,14,0,0,0,2,0,33,0,4,0,0,0,0,8,11,0,0,0,1,31,414,0,0,0,48,25,0,0,12,163,144,0,7,143,2395,0,0,0,624,31,1,0,0,0,1,2,0,59,0,18,0,11,5,0,0,0,0,2,60,86,0,158,0,0,55,2,49,0,0,1,22,1,184,79,0,0,0,0,54,15,0,0,2,0,14,1,0,19,3,0,0,69,27,2,0,0,0,0,0,0,0,0,1,0,5,1,0
GAIA_0118,5,9,93,0,0,31,14,0,9,0,136,29,88,0,3,17,75,5,6,29,0,183,0,0,0,220,0,0,8,0,0,0,10,102,14,0,175,14,5,1,421,0,0,0,90,0,301,0,127,0,9,0,324,30,1,0,0,0,0,0,2,7,0,0,45,1,15,8,0,16,302,0,0,0,0,0,0,0,0,0,7,1,0,72,0,10,13,14,0,0,2,16,0,3,0,0,0,328,6,0,76,0,0,10,0,0,0,0,0,0,40,0,3,20,0,14,0,0,20,0,0,0,0,1,66,0,0,0,43,5,0,0,0,0,15,0,17,12,0,5,0,0,2,107,0,0,0,0,0,0
GAIA_0119,1,1,0,1,0,0,0,21,0,21,1,4,0,0,0,0,0,0,0,0,1,0,64,0,0,1,4,18,0,1,9,8,15,17,0,10,0,27,0,162,0,0,4,28,0,6,0,54,0,0,2,0,0,0,0,9,19,11,0,42,0,1,4,7,1,45,387,10,0,0,0,7,52,2,0,5,0,0,0,0,0,6,0,0,19,1,144,0,60,15,0,1,0,109,167,0,12,0,1,0,0,0,0,20,3,0,0,0,36,0,86,0,0,29,15,1,0,5,0,0,9,1,17,0,0,0,418,0,80,62,40,97,12,2,65,0,0,8,1,10,48,57,3,13,0,52,1,35,0,58
GAIA_0120,0,1,0,2,33,0,0,1,3,114,44,190,201,2,0,3,0,0,7,0,0,508,2,0,45,12,13,3,4,1,40,0,51,0,50,3,0,23,0,3,31,0,0,97,4,0,1,1,5,3,10,6,112,0,18,75,3,0,0,9,0,2,2,0,52,35,0,0,0,0,83,3,0,1,1,4,1,0,0,0,9,0,3,12,17,4,0,5,0,0,0,1,2,0,0,0,0,0,2,15,1,0,108,0,0,0,1,1,4,0,9,4,0,0,37,19,0,17,231,0,29,0,1,0,0,0,3,0,9,42,3,0,2088,63,0,0,1,0,0,181,124,2,0,0,0,9,23,0,95,20
GAIA_0121,0,20,0,10,0,0,0,0,0,0,243,2,0,0,0,0,2,0,198,0,0,21,1,110,0,0,0,21,0,111,2,89,2,2,0,0,0,12,0,28,0,3,8,18,0,3,40,0,1,0,0,7,0,59,0,0,8,13,0,140,0,69,35,0,0,96,0,0,0,16,0,44,37,12,16,0,0,0,39,31,2,0,0,63,0,214,0,251,0,0,10,1,0,0,1,19,0,1,0,2,0,0,0,0,3,0,0,14,48,0,11,5,423,6,0,2,0,38,0,0,0,651,0,1,0,0,2,6,0,15,0,7,2,0,247,3,119,3,0,242,20,7,0,12,0,0,0,25,5,0
GAIA_0122,0,0,0,0,2,14,1,2,60,9,1,0,116,13,0,1,0,762,1,0,0,42,6,0,5,24,0,0,75,0,6,0,1,0,4,0,0,0,0,3,8,5,67,0,0,0,0,0,17,1,4,4,21,0,0,292,0,0,0,226,0,3,0,2964,9,0,10,12,2,17,0,1,0,0,0,0,0,2,13,0,0,4,23,0,9,0,8,5,0,10,0,0,0,6,1,42,33,20,1,43,0,0,0,0,28,0,104,9,0,0,65,24,0,0,0,0,229,0,2195,2,1,0,116,3,0,0,7,2,5,5,7,0,249,0,0,1,0,2,0,67,0,19,2,18,1,0,45,23,0,1
GAIA_0123,2,33,0,133,0,20,492,1,0,0,49,3,0,0,133,4,8,0,30,10,0,0,0,0,36,104,29,22,5,34,13,272,6,108,42,0,0,0,5,3,0,0,7,0,0,0,0,10,73,6,6,1,0,301,70,0,10,6,0,3,15,37,0,0,0,48,18,8,6,0,2,38,0,3,0,0,0,8,0,0,33,0,96,0,6,16,0,0,20,0,6,15,2,0,0,615,3,170,0,0,34,7,0,0,324,0,0,5,1140,9,2,0,0,0,0,0,7,0,9,0,2,217,0,13,40,6,0,0,0,5,21,28,0,4,106,0,0,0,0,0,0,0,5,19,0,15,1,2,5,0
GAIA_0124,0,0,0,0,0,4,761,0,96,0,0,0,9,135,0,6,55,14,0,0,152,6,0,16,0,0,0,51,0,0,6,2,9,4,0,0,17,0,6,355,31,0,0,11,0,34,5,11,10,7,0,1,0,29,0,4,0,0,20,3,30,0,1,0,0,0,0,0,95,0,0,26,0,0,0,0,0,1,4,0,0,30,3,16,7,0,5,0,0,5,0,1,34,0,0,0,0,38,0,0,0,0,0,32,0,103,610,0,0,34,20,34,2,393,9,0,0,0,178,0,19,0,2,0,24,0,1,0,36,0,84,0,0,12,0,1,0,0,0,8,0,0,53,24,118,0,0,17,29,70
GAIA_0125,1,5,2,6,29,0,0,0,3,88,14,14,0,0,0,0,0,50,0,0,8,0,2,2,0,19,1,0,0,0,4,3,55,3,4,124,20,0,0,1,0,156,158,53,0,4,1,3,0,108,4,97,0,64,2,0,0,67,0,7,17,10,1,0,0,1547,168,19,0,1,0,0,545,273,0,0,44,0,0,13,0,1,4,0,6,0,0,154,1,1,0,5,136,12,22,12,11,13,0,4,75,0,0,17,0,0,0,25,0,0,0,62,0,0,7,12,50,0,0,2,66,14,0,2,38,92,2,0,0,0,0,0,0,0,0,0,26,0,0,0,0,14,1,0,0,0,0,5,8,0
GAIA_0126,0,15,0,2,0,2,0,0,0,48,42,0,4,0,0,0,0,0,0,0,0,0,0,0,0,0,0,3,2,1,0,7,1,0,3,0,0,0,97,39,0,3,0,0,0,29,1,0,1,11,0,1,1,20,6,3,0,0,70,1,5,0,0,0,32,34,35,0,0,0,157,130,9,2,0,0,0,110,1,38,20,6,1,1,0,0,9,21,0,0,102,0,16,0,3,0,12,0,12,0,0,2,0,2,0,138,22,104,36,10,0,0,3,0,0,19,0,0,1,75,1,0,0,0,0,8,10,11,0,14,0,1239,0,0,24,10,0,0,8,70,93,0,0,0,0,4,17,54,231,0
GAIA_0127,1,5,6,0,0,446,2,15,820,0,0,0,0,0,0,0,0,0,10,49,0,0,0,3,0,0,86,0,3,0,3,2,0,5,0,67,0,0,0,0,0,2,23,0,178,10,112,1,20,0,0,4,0,66,0,11,0,0,368,0,6,42,7,10,0,0,0,8,0,6,170,0,0,5,1,0,0,1,0,10,0,0,28,0,0,0,0,0,0,883,64,1,0,1658,0,24,8,12,0,10,0,1,2,152,5,0,0,0,0,0,1,13,0,0,0,0,4,0,0,11,0,0,0,33,1,2,27,0,0,61,3,0,122,0,0,0,0,148,0,0,35,269,0,16,1,0,44,0,19,0
GAIA_0128,2,21,3,9,10,0,8,0,3,63,0,0,0,0,0,3,0,0,35,0,21,10,22,0,1,0,0,0,31,0,0,0,1,0,10,117,0,0,0,15,0,29,0,23,13,4,1,29,0,527,9,0,2,0,920,1,0,2,0,2,0,4,4,0,2,78,3,0,2,0,0,190,41,129,16,0,0,0,1,0,116,0,0,3,3,0,0,43,38,24,0,9,0,0,0,0,18,3,23,1,0,0,0,4,40,16,11,0,0,0,0,0,0,6,0,7,2,70,9,14,0,5,0,3,401,1,20,2,69,0,0,2,0,1,214,1,0,49,2,7,3,0,6,0,54,0,0,0,0,16
GAIA_0129,5,4,0,0,37,0,44,3,0,7,0,0,0,0,5,0,85,11,242,0,9,10,0,1,0,7,0,7,0,0,60,8,5,49,54,0,0,7,0,42,660,0,66,272,1,0,27,0,0,6,31,5,1,0,7,0,0,0,27,0,56,0,0,0,0,12,0,2,16,0,0,12,0,10,0,0,0,0,0,0,349,7,49,3,6,0,1024,0,2,0,382,0,32,0,2,28,2,1,0,5,20,16,26,0,2,3,1,0,79,108,0,13,18,25,1,281,47,0,82,0,0,0,0,16,5,6,82,0,4,0,0,0,0,0,40,0,0,8,0,0,2593,296,0,0,1,1,0,0,0,170
GAIA_0130,14,0,0,32,0,3,50,0,2,3,1,0,0,0,28,16,0,1,0,8,8,5,4,0,0,380,0,0,0,24,3,0,0,4,0,3,1,0,0,0,0,204,0,0,32,7,0,0,0,13,35,4,9,2,0,0,0,0,0,1,0,0,0,16,0,0,2,6,0,0,0,0,14,0,0,17,80,0,47,0,0,0,0,0,1942,0,0,1,704,0,0,1,0,20,0,1,13,8,0,22,4,0,5,2,0,7,1,26,0,0,3,11,8,17,44,0,0,0,4,0,0,393,27,41,12,0,0,0,0,0,6,0,46,13,4,0,0,14,0,3,7,0,0,14,170,14,1,0,0,0
GAIA_0131,0,0,19,0,0,0,2,1,0,5,154,31,0,1,54,5,172,1,1,1,0,0,0,1,0,0,0,24,7,510,0,2,1,149,0,0,0,0,0,10,18,0,17,0,1,0,1,1,0,5,7,46,0,0,9,2,8,0,10,0,1,379,2,0,0,0,0,2,312,0,0,10,0,0,0,0,0,19,9,18,3,7,0,0,0,0,0,42,0,4,0,16,1,0,0,0,1,46,0,19,36,4,0,75,0,0,2,0,97,0,55,38,165,15,0,0,29,658,50,10,0,2,0,0,47,7,0,14,0,8,0,9,9,1,3,676,86,0,0,8,44,2,0,0,5,33,0,4,28,6
GAIA_0132,336,29,25,6,42,3,0,1,59,13,389,884,0,0,1,0,11,21,234,0,0,4,38,0,1,33,0,0,5,0,0,13,0,4,5,0,6,146,21,0,77,0,0,0,1,2,1,0,7,0,22,0,0,2,0,16,4,0,0,0,0,123,31,0,91,0,5,0,0,2,0,0,0,5,0,0,1,37,4,0,7,0,0,141,4,0,3,0,0,0,0,0,1,0,79,0,0,5,59,24,9,0,0,12,21,0,0,0,14,1,2,0,0,0,0,6,0,1,0,0,0,24,0,0,0,32,0,0,0,108,0,1,2,0,86,0,0,796,0,12,1,0,50,0,0,3,4,0,18,0
GAIA_0133,0,13,3,0,7,1,0,0,243,0,5,0,0,1,0,0,26,10,100,3,0,3,1,0,0,0,0,0,30,0,50,20,0,0,0,1,0,1,0,3,86,2,43,44,49,16,0,15,227,0,14,0,0,0,0,1,0,166,4,563,0,18,2,0,21,6,0,0,1,282,0,11,9,3,1,115,313,1,6,0,3,79,0,18,31,5,0,9,84,0,0,0,0,0,1,0,1,1,37,0,0,0,0,0,0,42,35,67,0,0,18,2,1,22,0,0,0,19,9,0,32,28,0,0,0,0,105,3,4,0,12,2,0,80,267,2,0,5,0,54,0,1,0,41,0,61,1,292,0,30
GAIA_0134,0,1,0,0,2,2,9,0,0,2,0,0,0,0,13,4,0,1,0,0,1,4,240,0,0,125,9953,8,126,0,54,256,3,0,14,5,0,168,2,0,0,4,0,0,0,0,0,0,0,0,3,0,0,1,0,0,0,0,5,0,14,0,32,0,3,0,0,0,8,0,12,0,5,55,0,0,0,6,0,1,0,27,44,32,0,34,0,0,1,0,3,7,4,0,231,0,10,89,0,2,0,3,5,0,0,50,0,0,0,0,15,7,4,0,412,1,47,0,6,77,0,0,36,0,7,11,1,4,0,44,6,0,1,0,2,7,0,0,23,21,0,3,0,1,0,0,0,42,5,2
GAIA_0135,0,76,0,0,1,2,0,325,128,23,10,121,36,0,0,14,0,0,1,4,4,0,0,0,3,0,57,1,0,11,1,2,0,3,0,0,25,0,1,0,1,16,58,0,0,2,68,0,9,0,0,33,0,0,16,83,1,0,2,55,0,0,0,5,0,0,0,0,0,141,0,0,3,0,0,21,0,0,130,0,0,0,0,67,0,2,7,0,335,0,0,13,47,11,31,15,0,1,3,62,1,0,0,0,6,0,26,531,0,0,0,1,406,3,1,5,0,0,0,0,9,0,0,8,3,0,6,0,164,12,0,0,0,0,2,2,19,2,0,0,6,0,1,24,0,0,0,0,146,0
GAIA_0136,2,11,414,2,0,0,4,0,210,11,0,4,0,0,1,14,20,0,0,0,0,16,0,0,51,0,0,5,3,0,0,12,0,0,0,0,2,0,0,1,5,0,27,0,0,0,0,0,21,0,0,0,6,0,20,157,0,0,0,0,0,0,0,26,0,1,8,0,20,0,0,3,0,0,0,0,0,25,0,0,0,0,3,54,81,4,0,0,0,0,0,36,0,0,0,0,0,4,10,0,0,31,43,0,0,8,91,241,0,0,39,4,0,12,1,8,101,5,0,0,1,3,0,0,165,0,0,232,0,0,6,0,0,13,1,1,4,2,471,0,17,9,14,0,0,12,0,8,5,1
GAIA_0137,0,11,16,0,0,0,0,13,0,10,54,0,24,0,420,0,29,7,0,0,42,0,0,6,0,9,0,34,0,0,5,0,1,1,0,0,0,0,0,20,0,0,0,25,7,0,0,0,4,0,0,3,20,15,2,0,3,4,0,0,6,0,2,2,3,2,0,0,0,27,4,352,0,1,0,0,0,1,24,1,114,2,1,25,184,16,91,0,1,48,0,17,6,88,77,0,13,20,0,6,0,168,0,11,8,0,3,181,1,507,77,16,0,0,4,0,2,61,0,0,0,0,2,112,89,46,0,0,13,0,0,10,12,0,33,0,0,1,0,46,9,4,0,0,2,0,0,93,0,15
GAIA_0138,92,0,0,15,0,0,0,0,1,3,0,2,0,0,5,0,0,0,0,0,40,0,0,2,0,53,0,58,435,0,1,9,3,427,67,5,42,0,12,1,0,0,45,0,0,0,0,1,4,0,0,0,1,1,0,0,0,5,109,0,0,0,61,13,0,0,0,9,1,2,0,0,178,0,0,0,0,0,2,123,52,2,0,0,47,0,4,2,0,4,0,0,26,19,0,1,0,18,0,0,0,4,173,2,0,0,0,0,0,521,0,0,0,0,0,0,119,38,0,0,3,8,1,4,8,0,108,3,1,0,27,0,4,105,13,6,6,0,1,5,12,0,0,110,183,0,0,1,0,20
GAIA_0139,0,0,0,124,4,2,14,0,0,0,6,8,1,0,1,0,14,0,0,0,1,0,26,11,241,7,0,0,0,0,0,20,0,0,0,0,10,1,16,0,0,4,0,1,8,0,0,0,86,0,8,0,49,0,17,1,0,8,4,19,0,0,0,0,11,1,0,0,0,0,34,28,1,7,0,0,1,0,40,0,4,34,0,105,0,0,3,120,0,0,16,0,3,0,0,0,112,5,0,0,338,7,1,0,4,0,0,0,1,19,0,4,0,0,46,22,5,9,44,0,0,0,4,28,0,31,0,12,44,0,1126,0,7,1,5,0,17,148,2,22,0,0,15,29,0,0,137,75,0,0
GAIA_0140,1121,7,3,0,15,16,0,1,3,0,0,0,1,0,0,42,4,0,209,62,0,0,13,36,0,0,0,0,2,97,0,1,46,0,96,53,0,5,2,0,0,0,0,3,0,0,6,0,0,0,0,0,25,0,0,0,29,1,0,0,284,0,0,1,0,0,264,3,0,8,1,0,112,0,174,0,0,14,152,0,210,4,155,7,14,6,2,4,116,0,0,0,0,151,91,24,2,106,0,535,0,4,3,0,0,0,0,0,10,20,0,0,63,0,1,0,24,993,0,0,68,0,2,0,0,104,10,1,0,2,1,0,23,19,7,8,6,0,10,0,0,15,0,11,40,1,8,0,158,0
GAIA_0141,2,0,4,0,0,29,2,2,0,4,0,5,0,1,2,0,0,81,78,0,0,0,20,19,0,11,0,14,0,2,82,14,0,0,79,0,92,132,0,2,5,0,0,76,21,0,0,11,0,6,0,0,0,1,1,21,3,0,0,0,0,0,11,0,341,45,132,13,0,9,24,30,0,0,0,0,0,7,0,3,0,0,2,8,12,2,35,24,72,0,2,1,13,3,0,3,1,0,0,0,28,2,345,7,0,4,8,18,4,0,0,1,0,0,0,0,0,33,100,0,39,3,0,0,4,0,30,17,5,8,0,28,0,0,67,6,0,4,4,0,0,7,12,0,11,0,2,1,0,0
GAIA_0142,0,28,179,2,0,0,0,0,0,0,0,0,0,0,0,17,0,38,6,0,0,0,2,0,0,5,0,0,0,0,0,3,34,0,0,0,0,938,18,0,4,113,467,5,2,0,0,0,0,0,8,0,0,13,0,0,16,23,8,0,0,2,0,90,6,4,0,4,37,0,590,8,14,0,5,28,0,3,74,1,5,0,0,0,10,20,0,117,0,31,63,83,0,0,0,9,0,0,566,0,9,0,0,54,0,0,11,0,95,3,56,0,0,0,0,1,9,161,178,0,0,0,0,0,0,8,8,1,0,4,0,5,1,0,0,0,0,14,0,0,2,5,7,0,0,0,0,5,0,0
GAIA_0143,0,82,21,7,7,0,0,0,2,4,5,1,1,0,5,0,0,7,0,0,127,3,0,5,0,55,0,0,24,137,0,3,117,0,0,0,0,0,1,0,0,110,8,115,0,1,0,0,0,0,58,0,0,1,6,0,11,24,55,2,0,6,0,35,0,0,0,7,8,0,0,0,0,6,0,12,38,0,139,34,0,2,11,0,0,0,57,0,20,1,10,0,0,3,29,8,134,0,0,0,0,0,5,1,3,0,19,0,0,8,0,0,0,3,58,0,0,0,1,0,0,44,0,0,40,0,0,15,6,5,0,8,0,881,9,0,15,6,0,0,0,0,0,9,0,0,4,0,52,0
GAIA_0144,16,1,5,2,17,22,43,0,0,301,0,0,4,23,0,1,0,59,0,0,10124,81,0,3,2,0,0,1,0,21,13,1,0,131,0,0,0,0,0,24,71,0,11,127,0,15,0,0,0,8,0,1,10,4,0,0,3,31,0,6,1,7,0,10,0,0,23,4,0,0,0,4,5,1,46,4,0,0,236,95,0,1,0,0,0,17,0,21,1,0,0,0,1104,0,33,0,0,0,0,0,2,13,11,241,278,2,0,0,0,1,790,15,0,0,0,0,0,0,0,0,0,7,11,13,73,0,0,0,53,0,12,228,6,19,35,0,289,20,0,0,36,0,190,0,0,1,2,0,0,105
GAIA_0145,4,3,0,29,0,0,5,0,0,11,10,10,0,0,1,0,3,2,2,5,222,0,1,7,247,0,0,2,9,29,55,0,0,3,29,0,2,2,0,21,0,107,0,0,0,0,0,3,35,0,0,0,0,0,0,0,0,0,0,0,0,3,10,0,18,0,0,0,5,273,23,0,2,0,99,0,0,0,0,12,0,21,0,1,2,0,0,0,0,65,21,0,0,5,0,0,8,0,11,4,8,0,6,0,0,0,0,257,0,1,0,58,0,0,12,803,89,4,0,0,15,3,1,0,1,0,153,0,0,1,7,196,41,0,0,22,16,0,0,41,10,4,2,1,0,0,0,2,168,0
GAIA_0146,11,0,176,0,4,0,71,0,0,86,10,0,78,19,0,54,4,0,44,6,16,0,1,15,0,1,0,0,56,0,0,0,0,30,27,0,1,0,0,3,18,0,3,0,1,0,35,0,8,1,0,0,7,0,11,0,0,0,0,0,0,3,0,1,0,0,0,2,2,0,0,0,41,13,0,0,3,0,3,1,0,0,0,90,0,76,22,33,0,0,2,16,25,1,4,0,0,0,5,14,0,5,74,0,0,2,1,0,15,0,1,0,0,47,0,0,13,0,0,0,0,54,0,0,0,3,0,331,0,0,0,181,0,9,140,0,0,0,22,0,4,0,0,0,0,0,1,0,10,0
GAIA_0147,0,12,106,5,0,0,2,0,0,0,0,0,0,0,0,0,3,0,0,0,0,2,130,0,18,0,0,0,0,4,4,25,46,5,4,0,0,0,29,4,4,0,1,165,99,0,28,0,186,1,1,2,21,1,5,0,0,0,0,84,78,0,12,0,0,3,0,0,8,0,170,0,29,2,7,0,0,181,4,0,26,0,46,0,0,0,0,45,10,0,1,0,0,70,0,0,135,1,12,1,0,0,3,0,14,9,0,93,0,0,0,89,74,4,0,53,0,363,7,0,0,0,9,7,0,0,0,24,6,0,0,4,0,13,10,36,2,0,0,1,0,6,13,2,0,3,0,7,1,0
GAIA_0148,4,0,19,9,1,0,32,0,2,0,42,5,0,0,0,103,0,16,0,1,0,0,812,93,68,12,15,0,0,2,0,0,3,1,7,2,0,0,4,0,2,0,0,1,23,0,0,0,2,0,0,0,0,2,5,0,2,0,0,0,0,0,0,9,0,0,0,0,0,9,0,0,0,4,0,0,1,88,0,4,39,19,1,1,0,0,0,12,12,842,13,1,0,4,0,0,1,0,0,51,0,0,45,50,0,13,1,0,3,1,0,0,0,0,3,0,0,29,8,4,0,97,0,165,10,0,0,0,0,5,1,0,0,7,11,0,0,0,1,0,8,4,35,0,0,208,0,4,0,19
GAIA_0149,0,0,3,20,0,0,205,86,0,0,0,0,0,1,1,0,0,0,14,8,22,6,0,19,0,26,0,1,3,0,10,7,0,0,0,0,0,1,0,0,3,0,1,0,26,0,2,0,3,0,0,0,42,0,0,1,2,0,49,0,19,0,0,1,277,0,0,0,74,118,5,0,252,6,0,3,0,0,62,5,0,57,0,0,5,0,0,0,249,8,58,35,0,0,516,0,1,0,2,1,2,0,5,0,0,0,0,17,0,0,0,2,0,0,0,0,3,4,2,0,0,6,0,19,2,1,7,0,9,0,69,29,1,27,9,0,0,13,0,66,7,1,0,23,0,0,0,1,5,0
GAIA_0150,0,0,26,23,11,0,3,4,0,0,6,0,0,8,22,0,15,7,0,77,1,12,135,1,4,804,19,2,36,2,0,114,0,995,2,526,0,0,0,39,0,2,0,6,11,0,12,14,0,0,0,1,0,0,2,8,0,0,21,0,6,0,0,0,0,3,0,1782,3,102,0,48,4,0,0,0,1,4,9,0,1,0,0,0,0,0,2,170,9,86,0,0,85,594,167,42,0,2,13,1,0,0,0,7,16,0,15,0,0,58,7,0,0,7,0,0,274,0,1,17,0,7,0,4,0,1,4,1,1,8,0,0,16,3,31,35,0,0,0,0,1,0,5,0,0,0,0,0,1,0
GAIA_0151,0,1,0,2,0,1,52,20,12,0,0,0,0,0,0,187,0,21,0,0,6,0,0,0,2,26,8,0,0,0,0,0,2,0,2,3,29,2,0,22,0,14,0,18,7,882,0,0,0,0,33,10,0,0,108,0,0,26,0,2,0,0,0,0,0,0,48,10,1,17,0,28,41,0,2,0,0,0,17,0,121,0,34,9,5,0,0,98,7,0,3,0,44,2,2,7,0,0,20,2,3,0,0,33,31,0,0,0,0,0,57,0,1,0,0,0,2,4,1,0,0,0,23,5,0,0,0,12,29,0,0,8,72,0,0,1,0,0,5,10,0,3,0,277,0,0,41,0,26,1
GAIA_0152,7,6,0,1,0,11,5,277,0,0,53,3,1,0,1,1,10,0,553,0,121,0,37,32,0,7,4,0,18,0,0,2,0,8,3,0,29,194,1514,1,0,22,0,0,183,4,0,9,3,0,51,60,20,12,36,0,11,8,0,6,0,2,70,0,0,0,37,11,1,6,26,0,0,8,57,0,0,0,0,2,367,0,0,0,4,6,0,1,0,20,0,0,3,3,0,70,37,0,1,49,0,0,0,0,0,29,0,0,0,0,0,0,41,0,0,77,16,6,0,4,0,0,0,9,0,1,33,0,0,0,0,8,0,0,0,5,0,0,0,0,21,5,0,11,0,79,5,7,0,88
GAIA_0153,5,0,0,0,3,0,0,1,3,0,0,0,0,4,0,27,0,0,23,20,0,63,0,68,0,23,0,5,88,0,3,0,1,42,15,0,24,5,0,0,17,48,2,0,0,0,0,0,6,0,0,0,4,52,39,0,0,3,16,5,6,1,32,0,0,0,7,6,76,0,2,0,115,0,2,0,0,16,0,0,0,0,1,15,0,0,122,0,0,0,4,15,59,0,55,25,0,0,0,0,0,0,0,0,2,6,0,0,3,0,6,0,0,0,0,0,11,4,6,3,21,0,0,0,0,0,0,0,0,7,23,149,0,51,9,3,33,4,31,1,2,48,144,6,0,4,7,4,14,2
GAIA_0154,0,0,0,164,1,0,16,0,0,0,32,387,10,0,0,5,5,7,1,0,0,1,0,0,34,0,0,0,3,20,599,9,0,49,0,8,22,0,7,3,85,31,0,92,18,0,8,0,0,0,0,1,1,116,0,0,0,27,28,4,12,2,210,72,64,36,20,0,26,9,0,37,22,0,6,2,0,0,0,18,0,0,0,0,27,0,0,51,0,2973,0,1,0,8,1,0,54,2,6,0,1,0,16,0,7,0,122,2658,3,0,9,4,0,207,0,2,28,12,11,0,61,9,6,2,1,13,0,0,0,0,282,1,0,71,301,0,1,0,0,0,0,125,1,0,0,0,5,3,15,0
GAIA_0155,0,0,108,7,0,33,0,1,1,0,349,0,18,0,0,0,19,0,0,0,3,0,0,0,0,8,0,14,211,5,0,4,0,0,0,18,0,9,0,64,0,45,17,28,0,0,8,15,0,104,55,0,0,0,1,0,0,0,1,0,4,35,1,0,0,0,0,3,19,0,99,0,34,0,0,0,0,0,375,0,467,0,9,0,0,0,1,11,0,0,0,0,0,0,2,0,1,0,0,4,255,0,0,0,0,3918,129,47,0,0,0,0,0,0,0,3,9,1,0,87,106,0,27,3,13,0,22,107,0,7,1,2,0,0,0,0,1,0,28,0,177,0,2,6,1,7,0,19,0,0
GAIA_0156,0,0,0,0,1,0,0,7,0,0,31,2,1,0,7,0,0,0,3,0,401,151,0,0,14,0,278,8,0,29,79,48,0,0,2,38,12,38,321,0,0,0,47,0,520,9,0,0,14,0,0,1043,0,0,2,0,11,0,8,0,0,3,72,0,0,0,6,484,0,0,50,160,0,0,2,23,0,0,2,114,6,0,80,68,0,0,0,20,1,23,6,0,0,0,0,0,0,0,15,8,7,0,0,0,63,0,0,232,4,0,0,0,8,9,0,10,81,40,0,0,42,3,0,3,0,24,111,0,3,0,0,2,15,34,1,0,0,11,0,205,16,5,0,0,0,0,1,0,15,20
GAIA_0157,2,0,0,8,4,0,0,0,0,3,0,0,4,0,0,0,2,4,1,155,0,3,1,0,7,6,0,4,1,16,450,0,0,0,28,29,11,6,0,0,6,0,2,67,8,44,0,0,11,4,1,0,39,11,0,0,1,0,4,0,0,0,1,0,1,0,40,0,0,92,0,14,0,21,0,0,0,0,0,0,0,0,28,0,0,0,11,23,0,0,12,79,13,0,6,32,5,0,0,2,43,67,0,0,7,4,2,9,0,0,5,4,0,4,0,0,0,0,28,0,2,0,17,0,14,0,0,0,0,0,153,0,0,2,2,534,206,31,3,81,0,63,47,5,72,3,0,52,0,24
GAIA_0158,281,1,0,0,28,1,0,0,0,11,8,12,1,6,0,9,77,0,19,2,0,0,16,0,0,0,1,0,0,10,3,0,11,0,62,3,0,3,0,16,0,0,0,162,0,7,0,143,35,0,0,0,0,40,1,0,1,0,6,3,0,0,2,12,0,10,0,0,0,0,0,0,12,13,1,61,3,0,5,0,4,0,0,37,1,0,0,62,0,8,0,8,0,1,3,0,22,0,0,0,4,0,7,4,20,8,2,47,0,0,0,1,0,0,0,866,0,200,5,0,22,107,0,2,40,13,0,20,0,0,0,14,5,40,0,0,48,0,0,0,0,0,127,0,2,0,0,0,0,0
GAIA_0159,0,5,18,0,0,250,7,0,0,8,0,44,5,15,0,23,16,0,0,6,27,306,13,0,0,0,0,0,5,0,0,337,1,0,0,0,7,65,2,0,13,6,54,0,4,5,8,3,0,0,2,0,0,0,0,0,0,0,0,3,0,0,3,16,0,0,2,0,0,2,0,19,0,0,7,2,1,0,0,0,13,0,17,0,2,1,0,0,3,0,0,0,0,2,694,0,0,0,35,9,0,8,14,0,360,13,28,0,0,0,12,0,1,0,0,23,1,0,0,4,0,1,0,22,0,0,8,0,266,4,0,2,0,4,0,0,0,0,30,0,0,21,68,16,13,75,0,11,0,21
GAIA_0160,0,1,0,307,1,0,0,0,28,44,0,0,12,1,0,87,3,0,11,0,28,1,106,25,1,220,0,0,67,0,0,2,0,0,0,10,0,12,0,0,46,39,0,0,0,4,0,19,0,3,136,5,7,20,0,1,0,7,12,13,0,0,0,78,19,0,206,0,1,76,3,179,0,0,0,0,0,0,126,0,0,0,0,0,27,8,0,0,27,0,0,6,1,0,0,0,16,0,7,0,4,0,0,0,10,0,0,35,0,68,0,0,0,7,179,12,0,4,39,0,0,0,1,5,0,0,0,0,152,23,36,50,0,8,145,0,0,0,0,5,0,34,34,76,22,24,0,0,35,0
GAIA_0161,7,116,84,13,4,5,0,6,0,84,10,0,19,0,0,4,4,18,26,0,0,0,0,12,5,10,0,0,0,52,5,60,0,123,13,0,47,9,0,0,0,0,0,0,0,0,0,0,0,1,0,2,0,0,1,0,24,0,4,0,1,0,30,0,6,0,24,0,7,14,0,0,0,0,10,0,0,0,0,0,1,47,0,2,1,25,0,0,0,318,0,21,151,0,2,0,0,0,134,3,0,29,1,12,0,3,0,251,24,0,0,0,0,0,21,2,0,0,0,0,5,3,1025,0,0,7,0,0,0,2,6,0,20,1,0,0,573,0,17,1,3,24,22,0,0,25,22,4,0,3
GAIA_0162,0,0,20,0,20,1,0,0,5,0,5,0,33,0,20,12,3,1,0,0,0,31,27,0,21,0,0,5,12,0,0,15,9,0,3,47,0,13,2,0,2,13,3,13,0,17,0,0,2,0,5,159,0,0,36,0,2,0,0,0,1,3,0,43,0,40,0,24,0,0,0,13,21,7,0,21,8,1,0,0,86,30,0,0,0,0,3,0,0,10,7,8,28,1,17,1,107,21,0,8,1,149,189,0,0,10,34,0,7,0,0,26,1,0,5,0,1,0,2,38,58,0,26,0,0,7,0,20,0,5,0,0,50,20,0,0,0,10,0,7,0,0,0,0,0,40,0,0,76,0
GAIA_0163,0,0,35,0,0,0,2,0,0,1,0,5,0,0,8,8,4,126,33,7,3,5,17,148,0,0,0,0,0,0,17,3,0,3,0,11,0,10,23,4,221,0,0,0,0,28,22,82,0,32,8,0,0,1,1305,106,2,0,0,0,62,0,0,0,17,5,355,0,0,0,0,0,0,0,0,0,18,0,0,286,0,37,9,0,0,1,6,0,0,0,0,0,0,10,3,17,0,10,1,10,67,2,46,6,0,9,6,0,0,11,0,0,0,0,8,5,0,0,0,8,0,178,5,8,20,4,20,6,55,31,37,0,347,0,12,0,6,9,1,4,0,0,0,0,3,7,0,0,0,0
GAIA_0164,0,0,19,53,0,3,245,8,0,0,0,0,34,0,16,0,6,4,2,124,0,13,80,15,88,0,17,0,25,3,0,0,0,12,0,0,0,0,0,7,0,0,5,2,0,0,1,0,3,0,0,11,1,0,0,0,5,29,0,185,3,5,0,0,11,1,0,0,19,0,1,21,0,2,1,0,2,0,4,0,2,4,0,1,65,79,0,0,0,17,0,0,0,0,0,0,45,0,0,0,24,0,58,42,18,3,0,0,0,0,0,0,0,19,0,0,0,0,0,995,0,5,101,33,5,0,0,4,12,67,2,5,1,11,35,26,0,0,1,0,5,0,0,0,0,0,0,1,3,1
GAIA_0165,0,1,0,0,48,0,0,0,0,0,0,33,0,0,0,1,7,7,0,2,79,0,7,1,28,0,18,19,3,13,0,0,7,8,0,8,0,0,12,8,0,0,1,5,3,0,0,25,10,86,0,1,2,24,0,0,7,0,0,4,0,8,0,7,0,0,0,0,0,0,0,2,11,0,0,79,0,0,0,0,0,5,1,0,24,3,0,0,1,165,0,47,11,102,0,5,198,50,0,7,0,0,0,0,0,6,20,9,50,49,0,12,0,0,24,0,3,0,0,4,0,6,0,4,3,0,0,0,3,47,92,0,0,0,0,0,6,8,0,0,1,197,0,0,58,19,0,48,1,0
GAIA_0166,21,0,0,0,10,0,0,3,0,0,35,0,0,12,12,1,25,0,3,0,3,0,0,0,0,0,7,0,6,0,6,25,0,9,35,135,111,3,58,0,69,0,12,0,0,13,0,0,251,19,2,0,61,1,0,0,0,0,0,117,0,0,0,5,0,0,458,0,4,29,2,0,0,0,3,13,1,0,4,27,0,4,0,0,0,0,255,10,0,470,3,0,0,0,21,2,4,0,0,7,0,7,0,0,19,5,0,0,2,0,2,96,31,0,17,3,1,0,51,0,0,0,34,3,5,6,0,0,0,2,0,0,0,4,1,0,0,1,43,0,16,0,26,3,0,0,289,0,19,5
GAIA_0167,13,13,0,17,11,3,0,2,36,0,0,4,0,4,0,0,82,3,1,0,37,3,17,0,1,19,0,8,0,45,0,19,0,0,0,15,0,0,0,51,0,20,23,8,2,9,0,265,1,2,13,4,6,62,0,2,0,0,0,24,0,6,33,0,0,1,0,20,0,8,0,9,0,2,102,1,0,0,1,60,383,10,2,1,100,0,134,6,58,0,1,69,0,0,0,0,50,0,0,0,30,0,0,0,0,8,0,2,14,0,0,0,105,6,0,48,3,0,0,2,13,0,5,0,0,0,13,0,26,0,0,29,0,15,0,0,1,0,30,9,0,2,6,0,0,2,3,6,0,4
GAIA_0168,3,0,5,2,0,1,8,1,2,0,0,0,4,0,122,0,0,0,2,0,0,43,0,456,0,9,0,4,0,0,0,7,1,13,10,10,4,189,5,188,0,0,0,51,0,1,1,17,0,0,0,13,0,123,22,56,0,14,39,221,0,82,198,0,0,0,3,2,28,0,4,37,0,21,0,2,0,67,0,73,3,2,0,6,0,0,0,47,0,0,0,4,1,233,4,0,0,12,8,87,1,233,0,0,0,3,8,0,0,0,1,0,7,1,104,0,0,2,0,8,5,0,41,0,0,1,1,0,0,0,0,26,0,89,18,11,11,18,0,0,5,0,0,6,0,52,2,7,0,1
GAIA_0169,9,0,0,0,0,0,0,2,0,0,70,6,4,5,0,16,0,1,2,0,0,4,3,0,6,0,48,0,49,0,0,0,28,1,25,1,0,7,0,3,580,0,0,0,33,0,7,0,39,0,59,0,5,3,0,0,0,0,59,0,0,20,0,18,0,183,0,6,92,0,0,4,0,0,0,0,0,2,5,33,0,0,21,0,0,11,41,1,0,28,0,11,0,2,20,40,8,1077,0,0,0,42,0,0,2,0,2,0,5,4,144,0,3,489,19,1,12,21,1,0,0,3,142,32,0,17,93,0,0,7,7,0,3,3,0,71,2,969,372,105,25,0,4,0,0,0,0,13,11,0
GAIA_0170,0,0,25,0,0,0,0,0,0,2,12,0,28,0,148,0,51,0,5,0,0,6,1,47,4,13,113,0,0,0,13,67,41,8,13,14,0,5,0,18,0,0,0,377,1,77,0,8,1,0,0,1,1,18,47,3,6,28,5,4,1,1,0,4,113,214,5,0,9,0,0,0,3,324,0,0,2,338,0,0,0,23,0,0,0,4,188,40,133,13,7,0,62,4,114,0,0,43,0,41,44,0,0,66,2,36,0,0,0,0,0,0,0,0,0,3,5,0,1,1,0,2,0,0,0,0,21,0,5,1,109,6,1,0,0,0,0,0,1,37,0,0,0,0,9,0,0,0,0,0
GAIA_0171,0,17,0,3,5,0,0,0,0,0,3,0,10,4,0,12,0,6,0,129,40,0,73,0,0,294,0,4,0,0,23,3,0,0,6,5,1,12,10,7,0,0,2,8,2,13,2,0,0,0,17,305,18,0,0,0,0,316,0,0,1,1,0,102,6,0,750,0,2,0,0,2,0,1,1,0,10,5,6,0,13,0,0,5,8,0,0,134,17,7,83,0,0,17,0,0,0,0,41,2,12,0,2,20,4,0,0,0,0,12,8,3,369,10,0,13,4,0,136,65,0,0,1,0,0,34,2,0,1019,2,0,0,0,0,2,0,223,46,46,15,0,0,9,1,0,16,0,0,0,0
GAIA_0172,7,0,35,0,0,0,36,37,0,0,76,3,32,5,0,185,9,0,0,0,3,347,2,0,5,0,0,0,0,1,0,0,0,1,11,0,0,2733,0,2,0,0,202,148,33,0,151,18,0,18,0,0,0,0,0,5,0,36,0,0,0,0,65,0,10,11,0,28,16,0,18,0,12,2,0,4,10,12,0,100,14,20,8,0,19,6,546,2,135,0,37,130,0,9,30,12,15,9,0,0,2,0,2,0,0,0,0,2,0,0,0,0,53,0,2,0,0,7,0,0,14,106,1,0,22,0,1,126,88,0,0,0,103,0,40,0,8,51,297,0,0,0,1,0,0,0,0,0,6,0
GAIA_0173,0,7,0,0,37,3,282,17,21,0,3,1,0,0,41,16,0,0,0,0,0,0,9,0,0,0,71,0,0,0,0,85,0,166,58,87,321,0,0,0,0,1,0,0,0,4,0,0,0,0,5,0,5,0,0,8,1,413,38,0,55,12,96,8,0,26,0,152,0,20,0,0,0,0,0,0,0,0,32,0,3,147,29,0,0,1307,0,1,1588,17,10,5,0,1369,1,6,3,31,85,189,34,1139,0,1,0,0,0,0,0,2,0,4,0,0,0,8,0,0,0,0,0,0,0,11,537,1,0,264,0,28,1,0,0,0,0,0,33,0,0,0,0,0,16,1,68,0,9,11,1,0
GAIA_0174,3,0,0,0,10,0,1,63,1,0,7,0,31,37,0,0,5,0,0,0,0,302,114,169,2,0,0,0,0,0,4,0,0,4,0,0,0,9,8,0,0,0,26,55,6,5,0,0,0,1,2,0,14,8,0,1040,0,0,0,0,0,1,11,1,0,4,9,0,10,1,10,0,12,0,37,0,229,0,0,32,1,0,19,323,10,5,2,0,3,0,12,0,4,23,28,0,0,0,0,0,0,0,0,15,0,0,3,0,0,0,1,0,6,0,182,348,2,0,14,2,77,1,0,9,0,11,42,0,8,1,0,59,0,5,125,0,0,2,0,8,91,0,0,4,12,2,0,4,0,22
GAIA_0175,1,3,165,0,0,23,2,4,2,0,8,0,1,65,3,0,0,0,45,0,53,97,0,1,0,0,67,5,2,5,64,35,0,26,0,0,11,7,33,0,0,0,0,25,5,37,0,31,0,0,24,3,608,0,7,0,2,0,0,0,3,0,2,4,207,595,14,7,3,38,0,0,71,0,0,6,1,7,17,0,5,0,0,0,0,0,180,0,19,0,0,11,0,11,10,0,0,7,0,6,0,0,0,3,0,10,82,17,0,0,3,30,0,14,2,0,0,20,0,17,12,1,50,53,0,21,42,2,4,21,0,0,1,0,64,0,14,0,4,1,11,0,0,0,0,0,8,0,0,5
GAIA_0176,0,0,159,0,0,21,38,0,1,262,12,414,0,4,0,13,9,0,27,0,0,2,0,0,4,52,0,10,0,3,0,0,0,2,2,0,33,0,3,9,0,0,0,44,0,0,3,0,0,0,0,6,27,0,0,0,5,38,351,9,0,8,2,4,0,0,13,0,3,32,13,4,0,13,0,0,338,0,114,0,76,0,1,0,13,0,0,0,0,19,5,2,1459,58,0,604,0,1,1,0,0,6,0,9,40,12,0,376,5,0,11,0,2,188,59,140,0,0,18,0,0,10,857,13,0,6,0,8,0,0,0,2,0,2,0,0,0,9,2,24,5,0,58,14,5,0,1,0,0,4
GAIA_0177,7,14,0,10,0,0,2,1,0,4,0,0,0,0,46,7,3,0,24,1,0,0,0,119,1,0,0,4,240,0,68,56,0,0,21,5,65,0,0,11,0,0,0,1,22,10,0,0,0,7,0,48,0,11,0,2,27,19,6,0,21,35,8,69,0,0,0,78,4,10,72,7,7,1,0,0,2,1,0,6,1,0,0,0,19,1,0,19,4,9,44,0,515,71,19,0,0,19,0,98,0,2,0,32,0,0,65,0,0,0,0,1,5,3,0,0,0,0,9,0,1,1,158,61,15,0,242,6,3,72,7,0,8,0,0,0,2,0,23,1,19,0,45,0,0,87,0,248,22,0
GAIA_0178,59,9,0,95,0,1,23,0,103,107,81,75,0,0,0,0,0,0,0,0,0,0,0,0,0,11,33,18,3,0,12,8,46,0,4,4,1,133,72,0,36,0,53,0,15,0,0,0,1,1,120,615,0,0,251,0,0,8,0,45,0,0,54,2,0,0,23,0,0,0,22,0,3,10,8,5,0,91,0,0,0,80,5,0,19,1,0,0,0,51,0,0,387,0,10,14,6,0,0,0,0,1,32,4,0,0,67,4,0,0,0,0,0,0,2,0,0,0,1,0,0,0,1,30,0,0,18,73,21,0,0,8,4,3,1,0,0,7,26,7,8,6,0,0,0,0,48,32,1,71
GAIA_0179,34,29,664,440,29,22,0,0,0,28,0,0,0,1,7,0,8,0,0,18,3,14,0,0,1,0,10,5,0,0,4,0,1,0,0,1,0,5,0,47,0,0,0,0,0,0,1,3,24,26,0,1,0,0,34,7,143,7,7,28,84,0,0,0,4096,0,0,0,52,10,0,0,1,0,7,0,0,0,0,18,3,0,0,85,0,3,19,0,0,27,19,2,102,0,3,978,0,0,10,5,18,0,0,0,0,284,0,0,0,0,0,0,0,0,0,0,0,0,0,0,0,19,3,0,5,0,100,464,5,1,150,0,5,4,6,0,4,0,0,0,19,0,6,0,0,0,9,0,0,0
GAIA_0180,1,75,35,7,9,0,19,1,41,14,4,2,0,0,1,3,34,0,0,62,0,12,64,44,3,0,45,0,6,0,0,0,62,29,0,4,4,0,0,0,0,0,19,170,4,0,0,0,0,1,7,0,0,0,0,0,0,18,80,3,0,3,0,0,0,0,193,1,0,2,0,8,0,8,6,3,0,0,0,0,4,5,20,0,2,29,0,14,51,0,0,49,0,0,0,3,600,9,0,4,2,0,2,0,22,0,0,1,0,1,8,4,5,0,3,0,56,55,0,1,0,21,0,7,1,0,0,0,10,0,44,9,10,0,0,32,27,0,0,9,0,0,249,132,19,13,0,0,0,0
GAIA_0181,3,0,0,0,32,0,1,0,8,0,0,0,0,24,3,25,0,1,0,0,33,0,32,0,0,1,0,1,7,0,4,3,1,0,122,2,0,5,66,352,10,5,0,0,0,1,0,63,17,4,67,0,1,0,0,0,7,54,0,6,0,1,214,5,8,0,0,11,33,0,4,47,0,0,0,0,0,0,0,7,19,0,0,27,0,0,13,53,0,0,0,0,3,0,62,0,3,0,15,0,0,7,42,0,6,0,0,0,119,3,1,0,0,0,151,0,2,0,15,0,1,164,0,0,2,0,4,0,120,0,0,0,6,0,0,0,0,0,0,121,0,0,0,42,1,3,0,0,23,0
GAIA_0182,33,0,0,41,0,0,0,0,8,0,0,15,24,10,0,20,0,0,116,21,0,1,2,0,0,1,0,59,0,0,0,4,1,79,0,1,3,1,421,0,10,31,0,66,0,0,3,58,0,0,0,0,24,0,0,7,37,0,0,0,0,6,0,0,29,0,9,3,0,0,1,40,22,1,3,3,0,0,31,2,0,0,3,9,0,0,3,0,103,1,35,0,7,0,0,0,0,0,0,7,0,44,4,3,0,6,0,0,0,0,3,17,0,1,33,0,0,3,3,0,0,0,44,42,3,0,334,3,29,0,0,8,0,436,0,50,6,0,2,12,2,28,0,0,0,228,4,0,27,4
GAIA_0183,18,0,57,0,0,0,5,42,498,15,0,0,0,0,0,3,37,0,4,0,8,3,71,0,0,0,53,1,0,4,38,4,0,0,3,0,3884,0,0,7,0,0,0,1,0,0,8,0,0,1,1,138,6,97,3,0,1,0,0,14,12,0,11,425,10,53,0,0,0,6,0,14,1,63,0,25,95,3,0,16,40,0,0,0,0,0,3,0,0,346,27,2758,0,0,0,9,0,1,25,0,0,0,4,55,1,0,23,36,128,18,9,23,4,0,0,44,11,0,0,6,0,0,0,11,0,16,1,0,2,0,139,0,0,41,0,85,14,7,0,0,0,15,72,0,6,0,136,0,0,16
GAIA_0184,164,1,0,0,0,0,2,0,16,35,0,27,0,0,31,130,0,2,0,5,6,218,3,0,0,1,5,0,10,0,0,41,22,16,6,25,0,0,75,0,5,0,0,1,1,0,0,0,0,0,0,0,24,0,0,0,0,0,359,0,3,9,1,0,0,157,0,0,0,16,0,0,0,0,2,0,0,29,324,39,6,0,0,0,0,0,0,91,6,0,19,0,22,0,56,5,0,2,1,7,4,1,0,0,3,0,38,255,0,1,6,0,0,35,0,214,0,637,0,5,1,10,5,0,0,2,0,22,53,32,0,1,11,36,2,0,5,0,0,0,0,0,0,5,0,0,0,68,0,3
GAIA_0185,260,0,5,5,0,23,0,0,17,359,0,41,0,0,24,0,0,0,0,0,34,0,20,0,10,2,0,2,12,17,0,1,31,0,43,113,21,0,9,204,1861,18,21,31,7,0,55,0,3,0,31,11,1,0,27,0,13,0,0,0,0,23,0,2,20,174,0,0,0,0,0,37,0,0,2,2,122,0,267,65,0,0,0,551,3,152,8,0,26,92,0,0,0,0,0,19,111,26,0,0,0,0,6,0,1,20,0,17,0,64,0,0,12,0,2453,18,0,5,0,22,6,6,8,11,0,0,0,0,96,259,0,7,12,0,0,0,0,1,16,0,0,2,3,0,8,45,2,0,0,2
GAIA_0186,0,7,0,0,0,1,0,1,2,89,2,0,9,7,0,5,0,0,0,0,0,0,20,0,0,2,0,0,0,17,55,29,0,0,3,13,38,7,0,4,1,7,9,6,95,0,0,0,0,545,0,5,0,15,0,0,101,22,1,0,21,2,36,5,4,0,0,0,30,0,0,50,0,0,609,0,42,0,0,0,0,20,16,72,6,626,0,0,0,2,0,6,10,0,0,0,0,26,0,10,252,28,0,0,254,0,1,2,0,268,0,0,5,0,7,79,0,0,2,0,0,154,2,0,12,0,0,0,3,0,0,22,26,0,0,4,14,0,0,0,0,7,0,0,13,1,17,1,0,0
GAIA_0187,0,49,109,0,0,8,139,6,0,0,207,19,21,0,0,0,0,32,1,0,0,73,0,2,0,1,0,0,6,19,0,17,0,0,670,0,34,1,4,7,0,16,0,5,0,0,8,1,5,0,6,8,0,0,0,0,0,3,22,24,0,158,0,140,0,0,3,0,35,0,119,0,39,0,12,2,0,9,0,1,2,1,90,7,1,2,2,4,0,1,0,0,0,7,6,4,0,0,0,0,0,26,0,2,0,0,51,0,73,144,0,43,142,0,0,0,0,0,279,0,0,6,19,0,3,40,0,0,8,1,1,0,0,68,0,0,0,0,2,0,0,0,11,112,0,0,1,0,1,6
GAIA_0188,0,74,0,0,0,343,0,6,45,13,3,0,0,11,0,0,0,1,25,43,3,0,0,48,7,15,0,3,0,0,70,0,3,0,0,1,0,0,0,64,0,0,616,0,0,0,7,0,0,1,1,267,69,0,37,0,31,48,0,0,0,0,104,0,1,0,0,0,4,14,4,9,0,14,13,328,3,0,11,50,0,9,0,0,0,1,10,2,1,51,0,0,0,1,10,1,0,0,0,0,68,0,49,22,22,3,0,3,0,4,18,0,0,0,0,209,4,0,20,165,2,4,3,8,1106,7,1,0,0,0,0,1,0,24,2,0,20,0,4,29,1,0,0,0,2,0,0,0,0,0
GAIA_0189,3,0,577,33,1,7,0,0,33,1,0,8,6,7,1,2,70,17,1,0,0,0,0,0,0,0,0,0,8,4,2,44,32,0,25,2,1,49,0,37,1,14,0,0,0,12,0,9,0,0,0,0,0,3,3,0,0,3,0,0,465,947,0,85,0,0,14,9,0,1,7,10,0,0,22,0,0,87,0,0,0,1,449,2,92,2,4,20,0,15,1,0,0,2,4,0,0,19,0,0,7,0,33,0,0,0,14,0,7,42,2,4,8,0,5,0,195,4,11,46,0,0,251,0,0,0,0,0,128,103,0,12,0,7,0,0,0,19,0,10,288,128,0,0,0,0,0,0,0,49
GAIA_0190,0,4,15,0,37,0,3,0,148,1,0,0,0,9,9,3064,0,38,21,0,37,5,0,0,9,0,60,0,1,0,0,5,1,21,0,0,0,2,0,2,8,0,3,0,80,3,0,0,0,0,0,0,11887,9,8,0,0,6,14,30,0,0,0,6,2,0,38,0,25,0,0,0,3,216,342,0,21,0,0,0,0,0,0,0,14,4,92,0,23,8,0,0,1,1,1,7,0,0,9,5,10,6,1138,9,0,9,56,0,29,0,4,9,180,0,1,0,0,9,101,0,9,53,65,95,0,20,0,1,38,0,31,1,140,29,43,0,0,3,0,0,23,1,0,278,24,17,0,0,0,9
GAIA_0191,0,3,0,0,0,0,1,10,0,0,28,0,79,0,0,0,8,0,0,0,0,0,3,0,0,34,21,11,0,1,0,0,6,0,10,5,3,75,0,3,0,11,0,0,0,0,0,3,4,0,1,0,12,0,0,0,122,30,0,0,134,0,0,0,0,236,0,0,29,0,275,0,6,0,0,14,0,0,19,0,0,0,0,9,0,0,0,14,0,0,0,0,7,16,0,60,0,6,412,0,0,6,3,0,0,23,0,6,0,0,0,0,0,2,0,0,0,0,54,4,182,0,2,0,0,4,17,0,0,0,0,0,0,24,11,0,0,188,0,0,0,15,0,6,1,1,1,0,34,0
GAIA_0192,0,0,15,60,58,0,53,0,4,19,0,485,0,26,0,0,35,0,5,45,0,0,0,1,2,20,1,9,1,2,90,0,0,7,2,0,0,1,0,24,4,4,6,19,0,0,0,86,0,8,5,0,177,0,151,7,0,0,0,16,17,0,0,0,1,0,0,13,5,0,0,0,1,0,0,0,0,0,10,14,0,0,0,0,5,0,0,0,22,5,6,0,6,26,0,2,0,3,1,15,10,97,6,14,0,0,39,88,0,0,1,0,23,424,0,41,22,0,113,0,1,5,0,0,0,53,11,0,15,0,0,0,5,0,15,19,2,0,0,0,0,0,0,0,0,8,34,0,0,0
GAIA_0193,0,0,0,0,1,46,315,0,1,3,0,353,2,3,187,23,53,1,2,0,36,85,0,3,3,0,1,0,1,8,0,0,0,0,0,0,1,4,8,0,0,96,0,91,0,0,3,5,302,0,24,0,6058,0,0,37,0,2,0,0,0,31,0,3,3,1,31,0,1,0,16,2,0,0,0,4,0,3,0,0,0,58,23,19,0,0,7,0,0,15,0,5,199,0,1,0,56,9,0,0,12,2,0,6,0,687,11,1,0,50,0,0,13,0,0,0,0,0,46,0,0,2,177,2,0,29,18,0,9,17,11,18,2,0,0,2,0,0,0,2,0,0,2,870,0,3,1,5,0,4
GAIA_0194,1,60,0,0,39,0,0,7,335,0,0,33,2,25,0,0,242,0,57,0,0,0,8,8,14,3,8,11,32,0,97,0,33,8,0,21,0,0,1,0,0,0,41,0,0,210,7,0,27,3,11,0,0,0,0,69,0,55,16,6,6,0,1,0,611,99,0,0,0,5,0,18,40,0,369,155,0,0,16,12,20,0,5,443,16,4,0,38,2,8,26,0,9,0,0,9,9,21,2,0,0,61,1,3,3,0,1,1,0,28,0,134,0,0,0,68,1,0,0,4,0,0,0,0,27,0,96,0,1,38,1,4,6,0,3,0,0,0,0,0,14,0,0,0,1,3,1,16,0,0
GAIA_0195,0,0,7,0,0,70,0,23,9,8,0,0,0,0,0,0,2262,0,12,3,1,62,0,1,23,32,0,0,0,1,1,0,0,56,0,36,0,46,2,0,4,0,121,0,0,0,0,0,19,0,0,0,0,0,946,0,173,0,14,0,0,6,0,7,0,6,0,0,0,0,17,0,218,0,3,0,0,69,7,0,21,1,178,0,3,23,0,179,4,64,0,0,1,0,1,68,30,0,0,0,0,0,0,2,0,0,3,35,0,0,54,0,1,13,0,2,0,1,9,0,0,0,0,0,36,15,0,0,0,7,9,506,0,86,0,2,0,0,70,237,0,0,0,8,0,13,9,0,1,0
GAIA_0196,0,0,0,0,0,1,1,14,9,0,0,0,0,146,1,0,0,0,0,0,18,0,13,40,1,13,0,0,0,0,0,266,0,10,0,0,44,57,11,0,59,0,0,7,2,16,22,1,30,27,31,0,0,20,26,211,14,2,0,70,0,208,0,45,4,0,1,44,25,0,0,0,10,67,0,0,10,10,0,67,0,4,1,0,6,30,0,0,0,47,28,2,2,0,0,0,0,1,67,0,0,6,0,2,182,14,7,0,0,5,0,1,0,0,0,0,8,0,1,3,0,1,0,0,0,10,0,5,0,0,0,0,28,0,0,4,0,11,0,0,0,1064,0,0,0,0,0,0,2,60
GAIA_0197,0,9,0,62,11,0,25,18,0,0,0,0,0,38,16,0,0,0,2,0,1120,68,0,91,227,0,0,34,0,37,0,0,0,3,20,0,0,16,0,1,0,0,153,4,0,16,15,0,1,1,1,0,0,0,69,19,0,2,14,1,0,9,0,0,0,0,15,0,0,0,3,1,0,2,0,6,0,0,35,0,1,79,0,0,0,1,213,31,52,35,5,0,3,0,257,0,0,0,61,0,0,16,8,0,34,0,20,34,0,7,13,16,5,10,1,0,52,0,5,0,176,6,3,32,551,0,0,29,0,0,398,10,0,7,3,0,34,0,0,0,0,0,0,28,241,21,232,0,30,0
GAIA_0198,0,6,6,0,11,0,37,1,4,14,1,0,3,0,30,0,0,7,0,0,0,6,0,8,3,4,0,0,12,0,19,2,0,0,132,49,83,0,0,0,8,27,4,8,8,0,27,8,9,0,0,0,0,28,12,12,28,11,0,0,0,0,29,27,11,0,0,54,1252,0,2,41,0,0,1,24,0,0,7,3,0,0,1,0,13,7,1,14,0,0,0,2,56,0,0,2,19,4,0,0,40,0,0,0,0,0,3,0,0,0,0,0,4,4,0,12,1,265,6,0,0,1,0,4,0,0,32,0,12,2,0,0,0,0,0,0,0,0,37,0,0,2,0,7,3,1,7,8,2,186
GAIA_0199,31,44,6,20,1,0,4,0,7,0,769,0,174,0,7,3,0,1,27,0,0,0,0,66,0,0,108,212,0,35,128,0,0,6,0,2,5,17,1,4,33,448,0,384,0,0,75,0,0,0,6,3,103,0,0,2,0,4,28,0,3,4,9,0,0,0,9,32,0,3,0,0,0,5,0,1344,20,0,146,0,0,3,5,1,3,15,14,12,0,0,0,119,0,27,19,0,0,0,46,0,0,0,0,0,982,0,129,6,1,12,0,0,30,7,0,7,2,0,0,0,0,17,0,122,0,0,229,0,0,0,0,3,1,0,0,3,3,12,59,0,0,0,42,0,0,0,0,2,0,4
